#{"t_start": 1743396194.4020562, "env_id": "sneaky_enemies"}
r,l,t
2.0,23,0.038004
4.0,12,0.056002
4.0,27,0.09
3.0,11,0.104001
3.0,10,0.116002
1.0,11,0.130001
1.0,8,0.143
1.0,5,0.151
2.0,15,0.174
2.0,11,0.191
3.0,14,0.212001
1.0,7,0.221001
4.0,13,0.236002
9.0,51,0.295029
1.0,14,0.312035
2.0,7,0.320033
3.0,59,0.388826
2.0,3,0.392823
1.0,11,0.406823
5.0,47,0.461823
4.0,15,0.479797
2.0,7,0.488796
6.0,42,0.537828
1.0,2,0.540829
1.0,8,0.550823
4.0,23,0.577795
2.0,11,0.591793
4.0,12,0.606792
1.0,3,0.610792
3.0,23,0.639794
3.0,24,0.667793
4.0,35,0.710823
4.0,44,0.762827
4.0,10,0.774795
1.0,8,0.784825
1.0,13,0.80082
3.0,7,0.808823
2.0,7,0.817824
4.0,35,0.859823
5.0,26,0.890823
1.0,3,0.894794
1.0,3,0.900656
2.0,14,0.916623
2.0,7,0.925657
1.0,3,0.929653
5.0,34,0.970654
4.0,32,1.009653
2.0,7,1.017657
4.0,15,1.036623
1.0,5,1.042655
1.0,7,1.051659
2.0,7,1.060648
1.0,2,1.063654
1.0,15,1.081657
4.0,46,1.138144
2.0,18,1.160174
2.0,11,1.173175
1.0,2,1.176178
2.0,7,1.185174
3.0,19,1.208174
2.0,7,1.217169
2.0,11,1.230175
2.0,11,1.243174
3.0,11,1.257176
1.0,11,1.271172
5.0,29,1.305176
4.0,27,1.337174
4.0,11,1.351174
4.0,15,1.369176
4.0,29,1.404175
3.0,31,1.441174
3.0,12,1.456039
2.0,11,1.470047
2.0,15,1.488044
3.0,14,1.505045
2.0,12,1.519044
1.0,3,1.523046
1.0,13,1.539014
3.0,38,1.584047
3.0,39,1.630045
3.0,14,1.647015
3.0,31,1.683044
3.0,6,1.691044
3.0,19,1.714044
6.0,22,1.740046
3.0,15,1.758044
3.0,27,1.790042
2.0,4,1.79505
3.0,5,1.802045
4.0,38,1.847015
4.0,15,1.865044
4.0,51,1.924044
3.0,17,1.94404
1.0,15,1.962044
3.0,28,1.995044
3.0,61,2.065044
4.0,9,2.076046
1.0,3,2.080047
1.0,23,2.106875
3.0,31,2.142879
2.0,35,2.183885
2.0,19,2.205879
2.0,7,2.214879
1.0,11,2.227875
3.0,23,2.254874
3.0,27,2.286849
1.0,7,2.295879
4.0,8,2.305879
5.0,14,2.321882
1.0,5,2.328877
3.0,55,2.391883
5.0,43,2.441874
4.0,19,2.463877
5.0,39,3.570662
3.0,18,3.595668
2.0,7,3.606663
1.0,6,3.616665
5.0,19,3.652666
3.0,13,3.675664
5.0,34,3.738668
2.0,11,3.754665
2.0,11,3.767665
4.0,22,3.793667
5.0,48,3.851682
4.0,19,3.875696
1.0,13,3.891696
1.0,8,3.901695
3.0,35,3.943695
2.0,23,3.971696
4.0,7,3.980695
1.0,7,3.988663
2.0,11,4.002692
2.0,11,4.015694
5.0,33,4.053695
2.0,7,4.06269
6.0,29,4.096668
1.0,5,4.103668
1.0,7,4.111668
3.0,15,4.130693
2.0,14,4.146668
3.0,19,4.169663
4.0,23,4.197433
3.0,11,4.210462
4.0,31,4.247433
5.0,28,4.280464
2.0,7,4.289466
4.0,51,4.348464
4.0,19,4.371463
3.0,11,4.385436
6.0,90,4.489435
1.0,14,4.506436
1.0,3,4.510435
6.0,34,4.551463
4.0,63,4.624462
2.0,11,4.638462
2.0,7,4.647462
4.0,15,4.666431
2.0,3,4.670458
1.0,2,4.673431
10.0,31,4.711462
3.0,11,4.724462
2.0,15,4.742462
3.0,7,4.751462
3.0,17,4.77146
3.0,7,4.780464
2.0,3,4.784457
4.0,15,4.802462
3.0,21,4.827432
3.0,7,4.837436
1.0,5,4.843436
2.0,7,4.852436
3.0,19,4.875436
4.0,43,4.926462
2.0,15,4.945432
2.0,7,4.95443
4.0,19,4.977436
2.0,3,4.981433
3.0,5,4.987436
1.0,5,4.994436
2.0,27,5.026436
4.0,15,5.044436
1.0,7,5.053436
3.0,13,5.069463
3.0,23,5.096436
2.0,7,5.105432
2.0,15,5.124436
3.0,11,5.138436
3.0,31,5.174436
2.0,11,5.188437
4.0,15,5.206435
1.0,3,5.210435
2.0,14,5.228432
1.0,3,5.233436
2.0,11,5.247436
4.0,15,5.267463
5.0,34,5.308867
5.0,16,5.328864
3.0,27,5.360869
3.0,31,5.397835
4.0,9,5.410836
1.0,6,5.417836
2.0,3,5.422835
2.0,7,5.431835
3.0,11,5.444868
4.0,55,5.509866
3.0,23,5.539587
4.0,7,5.548585
2.0,14,5.566585
2.0,39,5.612554
1.0,5,5.619553
3.0,13,5.635554
3.0,15,5.655554
3.0,8,5.667554
5.0,19,5.699558
4.0,6,5.708585
3.0,19,5.734552
4.0,31,5.771552
2.0,7,5.78158
3.0,6,5.793557
3.0,15,5.811557
5.0,32,5.852559
3.0,7,5.861554
3.0,27,5.894554
2.0,15,5.912554
3.0,11,5.926553
3.0,21,5.951558
5.0,19,5.973558
4.0,24,6.002552
1.0,3,6.006553
3.0,7,6.015554
3.0,7,6.023554
2.0,7,6.032553
3.0,19,6.055554
9.0,23,6.082554
2.0,11,6.095554
3.0,19,7.241313
2.0,19,7.271317
2.0,19,7.296314
2.0,27,7.328313
3.0,35,7.376312
2.0,11,7.393314
1.0,7,7.405313
2.0,20,7.431315
2.0,17,7.451313
3.0,17,7.471313
5.0,35,7.512345
5.0,20,7.536338
3.0,11,7.549339
6.0,20,7.57434
4.0,35,7.615347
4.0,8,7.625348
2.0,15,7.643346
1.0,9,7.654345
2.0,3,7.658345
2.0,7,7.667315
2.0,5,7.673315
3.0,7,7.683319
3.0,7,7.692319
2.0,23,7.719319
3.0,15,7.738319
4.0,27,7.771315
1.0,16,7.790315
5.0,13,7.806315
4.0,7,7.815314
3.0,7,7.824315
3.0,18,7.846315
4.0,15,7.865315
3.0,7,7.875319
2.0,7,7.884318
3.0,11,7.897319
4.0,23,7.926345
4.0,12,7.941349
3.0,31,7.979315
5.0,27,8.012347
4.0,12,8.02735
4.0,39,8.073349
8.0,23,8.100347
3.0,19,8.124319
2.0,19,8.147314
3.0,39,8.193315
3.0,15,8.211315
3.0,43,8.262318
2.0,11,8.278075
3.0,15,8.297074
5.0,15,8.315074
4.0,50,8.375074
3.0,8,8.386074
4.0,35,8.428074
5.0,13,8.444078
1.0,4,8.450078
2.0,3,8.454078
4.0,27,8.487078
2.0,11,8.501075
3.0,20,8.527075
1.0,7,8.536074
4.0,11,8.550074
5.0,27,8.583105
2.0,7,8.592104
3.0,7,8.601105
2.0,11,8.614075
2.0,13,8.630105
2.0,23,8.658075
4.0,27,8.691106
4.0,15,8.710108
4.0,12,8.7246
4.0,31,8.764599
3.0,30,8.799599
6.0,43,8.851595
6.0,42,8.903626
4.0,22,8.930599
3.0,15,8.948599
4.0,16,8.968599
3.0,15,8.98863
2.0,19,9.011595
2.0,3,9.015595
4.0,35,9.057595
4.0,9,9.068596
4.0,15,9.086596
5.0,25,9.116596
2.0,15,9.135596
4.0,39,9.182595
4.0,27,9.215599
3.0,15,9.233599
3.0,11,9.247599
3.0,31,9.286599
5.0,15,9.305599
3.0,43,9.356599
3.0,19,9.3806
4.0,15,9.3996
2.0,5,9.408595
3.0,10,9.421627
3.0,39,9.468626
1.0,3,9.473628
6.0,30,9.509626
2.0,7,9.518632
4.0,17,9.539621
2.0,7,9.549601
1.0,3,9.5536
3.0,8,9.564599
4.0,35,9.606599
2.0,25,9.639351
4.0,39,9.686351
7.0,27,9.719382
4.0,19,9.742386
1.0,15,9.760351
4.0,9,10.864242
2.0,3,10.870244
7.0,27,10.909244
3.0,19,10.933247
4.0,11,10.947243
9.0,23,10.979244
5.0,29,11.020241
2.0,3,11.025241
5.0,15,11.049247
3.0,4,11.056241
2.0,11,11.072245
6.0,18,11.093242
2.0,12,11.108245
5.0,43,11.159267
3.0,7,11.167244
2.0,11,11.181275
4.0,15,11.199274
3.0,6,11.206277
4.0,15,11.224273
2.0,3,11.228245
4.0,19,11.252273
5.0,14,11.269269
3.0,15,11.287269
5.0,30,11.32428
11.0,46,11.377244
7.0,26,11.407262
3.0,7,11.416274
5.0,41,11.464278
4.0,23,11.490278
5.0,43,11.540272
4.0,23,11.568244
3.0,13,11.584244
4.0,87,11.685243
5.0,58,11.755247
5.0,55,11.819271
2.0,7,11.828245
2.0,3,11.832274
3.0,15,11.851274
9.0,23,11.878245
5.0,24,11.907269
4.0,15,11.925269
2.0,11,11.939243
4.0,35,11.981247
3.0,7,11.990247
4.0,45,12.043247
4.0,35,12.085244
5.0,51,12.145281
1.0,4,12.151274
3.0,19,12.17327
2.0,7,12.182279
4.0,15,12.200274
5.0,11,12.214275
4.0,38,12.259244
3.0,7,12.268246
2.0,19,12.290269
5.0,31,12.327274
3.0,10,12.340271
4.0,19,12.363052
3.0,35,12.40509
4.0,19,12.428092
2.0,13,12.445094
4.0,9,12.457084
4.0,35,12.499059
4.0,19,12.522062
4.0,32,12.560085
5.0,23,12.587089
4.0,23,12.614089
5.0,24,12.642084
3.0,7,12.651089
3.0,12,12.665089
3.0,19,12.687089
3.0,7,12.696089
5.0,27,12.728089
2.0,11,12.741089
8.0,68,12.819089
2.0,9,12.830097
2.0,7,12.839079
3.0,9,12.85009
8.0,15,12.868089
3.0,5,12.874095
4.0,16,12.894086
2.0,11,12.907089
3.0,23,12.934089
9.0,26,12.964089
2.0,27,12.996089
5.0,19,13.01909
5.0,19,13.04109
4.0,30,13.076089
8.0,38,13.122092
3.0,14,13.139089
3.0,14,13.155551
3.0,27,13.188519
4.0,11,13.201548
5.0,19,13.224553
4.0,17,13.245548
4.0,11,13.258519
1.0,7,13.26755
2.0,7,13.27655
6.0,31,13.31355
2.0,15,13.33155
1.0,3,13.335548
3.0,27,14.428483
3.0,19,14.454513
3.0,10,14.47148
2.0,11,14.48548
10.0,27,14.521481
4.0,11,14.53448
8.0,15,14.553483
3.0,19,14.578902
8.0,16,14.601901
5.0,58,14.669931
6.0,23,14.696904
5.0,34,14.737927
4.0,15,14.756931
4.0,19,14.7789
3.0,15,14.796927
2.0,14,14.813931
3.0,19,14.836926
4.0,15,14.854904
3.0,15,14.873904
3.0,7,14.881904
5.0,31,14.918904
2.0,11,14.932904
1.0,4,14.937904
4.0,12,14.952905
2.0,23,14.980904
5.0,41,15.029904
5.0,15,15.047904
11.0,30,15.083679
2.0,7,15.091679
3.0,51,15.152706
1.0,7,15.161706
4.0,17,15.181703
2.0,7,15.190701
4.0,7,15.199676
5.0,37,15.243703
5.0,31,15.281676
4.0,39,15.327675
5.0,19,15.350676
9.0,30,15.386676
3.0,8,15.396676
4.0,16,15.415679
4.0,25,15.445707
1.0,2,15.448709
3.0,11,15.462704
3.0,18,15.484707
3.0,11,15.497706
3.0,7,15.506706
5.0,46,15.561679
3.0,19,15.584676
3.0,21,15.609706
3.0,27,15.640706
3.0,19,15.663708
5.0,29,15.696705
7.0,11,15.710706
1.0,8,15.719706
3.0,13,15.735706
4.0,15,15.753706
5.0,10,15.765706
4.0,31,15.801703
4.0,23,15.828706
2.0,7,15.837712
5.0,19,15.859676
3.0,11,15.873706
3.0,7,15.882707
5.0,18,15.9037
1.0,4,15.908706
3.0,9,15.919708
3.0,14,15.936706
2.0,11,15.949713
2.0,10,15.961706
4.0,30,15.996706
6.0,21,16.021706
7.0,18,16.042701
3.0,15,16.060706
2.0,11,16.073706
3.0,19,16.096706
3.0,11,16.109703
8.0,31,16.145706
2.0,15,16.163706
1.0,3,16.167701
2.0,16,16.186705
7.0,32,16.223708
5.0,19,16.246704
9.0,19,16.268706
3.0,10,16.281706
2.0,15,16.299706
2.0,11,16.312706
2.0,7,16.320676
5.0,17,16.341707
6.0,53,16.405432
3.0,11,16.420432
5.0,19,16.443433
5.0,15,16.462435
9.0,31,16.500432
2.0,7,16.511464
6.0,20,16.539433
1.0,11,16.553432
3.0,15,16.573432
2.0,3,16.577432
5.0,59,16.655433
2.0,7,16.663433
4.0,15,16.683435
2.0,15,16.703431
3.0,15,16.721431
3.0,22,16.749436
3.0,15,16.769436
4.0,16,16.788436
9.0,27,16.821436
5.0,38,16.867436
3.0,27,16.899436
4.0,22,17.977408
4.0,11,17.994408
5.0,32,18.034407
3.0,23,18.069411
8.0,18,18.09641
11.0,31,18.137408
11.0,48,18.19444
2.0,11,18.207445
2.0,11,18.221439
4.0,10,18.233437
3.0,9,18.24444
2.0,7,18.253441
3.0,22,18.280441
4.0,25,18.310436
3.0,11,18.32344
4.0,7,18.332441
5.0,15,18.35044
6.0,11,18.364441
4.0,12,18.37844
2.0,12,18.39244
5.0,12,18.407907
4.0,11,18.420913
5.0,38,18.464904
2.0,11,18.478909
3.0,9,18.489877
4.0,23,18.516902
3.0,11,18.529907
4.0,13,18.545907
3.0,15,18.563906
3.0,15,18.581907
8.0,30,18.616907
5.0,23,18.643907
5.0,24,18.671907
7.0,26,18.701907
8.0,23,18.728908
9.0,29,18.761907
7.0,16,18.781908
2.0,11,18.79591
3.0,10,18.807911
3.0,21,18.831907
3.0,19,18.854914
4.0,14,18.870907
5.0,18,18.892907
3.0,11,18.905905
10.0,54,18.968906
2.0,7,18.976904
3.0,15,18.994909
5.0,27,19.027877
4.0,8,19.037878
1.0,3,19.042875
3.0,19,19.064913
9.0,31,19.102907
1.0,3,19.106909
3.0,7,19.115907
3.0,8,19.125908
3.0,15,19.142907
3.0,11,19.156906
4.0,7,19.165907
3.0,7,19.173908
8.0,14,19.190728
1.0,3,19.195729
3.0,15,19.21373
5.0,9,19.223729
4.0,11,19.237729
3.0,11,19.250732
4.0,14,19.26773
2.0,23,19.294724
4.0,12,19.309699
8.0,21,19.334729
3.0,7,19.342726
2.0,3,19.347731
4.0,18,19.368734
2.0,11,19.381731
6.0,31,19.418729
3.0,7,19.427731
3.0,19,19.449736
2.0,23,19.477731
4.0,12,19.49173
8.0,28,19.52473
3.0,11,19.537729
6.0,23,19.56473
4.0,12,19.5797
5.0,19,19.602729
4.0,6,19.609701
4.0,51,19.668729
4.0,19,19.691729
4.0,19,19.714724
5.0,53,19.775729
5.0,20,19.7997
2.0,15,19.817729
8.0,14,19.834729
3.0,17,19.854726
4.0,9,19.865734
5.0,35,19.905729
5.0,24,19.933729
4.0,7,19.942735
4.0,11,19.955731
4.0,15,19.973726
4.0,15,19.991698
5.0,29,20.025729
4.0,15,20.043729
3.0,27,20.074729
8.0,21,20.09973
9.0,23,20.12773
5.0,31,20.163731
3.0,7,20.172733
5.0,27,20.204729
1.0,2,20.20773
3.0,15,20.225729
3.0,19,20.248729
7.0,35,20.289729
1.0,3,20.293726
3.0,8,20.303697
5.0,16,20.322728
3.0,11,20.336701
9.0,47,20.390729
3.0,7,20.399729
2.0,8,20.40973
4.0,19,21.474406
11.0,63,21.558409
4.0,21,21.591406
5.0,18,21.616409
2.0,19,21.643403
2.0,19,21.666406
2.0,7,21.675404
10.0,24,21.704405
7.0,31,21.740405
5.0,35,21.782406
5.0,27,21.814406
10.0,27,21.84804
4.0,32,21.888045
2.0,7,21.897045
3.0,11,21.911045
5.0,18,21.933045
4.0,9,21.944045
4.0,15,21.963045
6.0,22,21.990045
4.0,39,22.036045
3.0,17,22.057045
3.0,12,22.071045
9.0,33,22.110071
5.0,16,22.132041
2.0,10,22.145067
5.0,16,22.164073
5.0,11,22.177075
3.0,10,22.189072
5.0,13,22.205075
8.0,22,22.231042
4.0,20,22.254066
4.0,75,22.341042
4.0,12,22.355072
2.0,7,22.364075
4.0,9,22.375075
4.0,15,22.393072
11.0,40,22.440074
9.0,32,22.478042
3.0,6,22.486042
4.0,11,22.499042
3.0,17,22.520041
3.0,7,22.529041
8.0,13,22.545042
7.0,19,22.56804
2.0,23,22.595042
3.0,19,22.618042
4.0,26,22.649045
4.0,8,22.659045
4.0,7,22.668045
2.0,7,22.677044
5.0,35,22.718044
2.0,7,22.727044
4.0,15,22.745044
4.0,27,22.777045
3.0,15,22.796074
2.0,23,22.824067
3.0,11,22.837072
3.0,11,22.851634
3.0,19,22.874606
3.0,8,22.884606
2.0,15,22.902605
4.0,11,22.916605
4.0,23,22.943639
4.0,12,22.957605
3.0,15,22.975605
7.0,26,23.006606
3.0,7,23.015605
5.0,19,23.039607
5.0,11,23.052606
5.0,16,23.072605
2.0,11,23.085607
4.0,13,23.101606
4.0,31,23.138606
1.0,15,23.156637
9.0,22,23.183774
1.0,5,23.189773
4.0,22,23.220774
8.0,46,23.283771
2.0,7,23.292771
2.0,11,23.305799
7.0,14,23.324803
3.0,29,23.361773
2.0,15,23.379774
2.0,11,23.394774
3.0,11,23.408774
11.0,23,23.436774
2.0,7,23.445774
4.0,27,23.477774
7.0,38,23.522804
3.0,11,23.535805
11.0,34,23.576804
3.0,12,23.590773
6.0,19,23.613803
2.0,15,23.631806
4.0,10,23.643808
2.0,7,23.652803
4.0,20,23.676804
5.0,31,23.713804
3.0,7,23.722801
4.0,20,23.746804
3.0,11,23.759806
4.0,30,23.795806
4.0,7,23.803804
3.0,9,23.815805
3.0,8,23.825801
3.0,7,23.834773
3.0,5,23.840773
6.0,22,23.870525
4.0,15,23.888526
5.0,26,23.920526
13.0,36,23.96353
5.0,14,23.980526
8.0,17,25.042234
3.0,11,25.059232
4.0,10,25.071231
3.0,9,25.082231
8.0,18,25.108231
3.0,10,25.121232
1.0,7,25.132233
3.0,11,25.147233
8.0,23,25.175231
9.0,22,25.201234
2.0,15,25.219231
1.0,3,25.22323
10.0,24,25.251234
4.0,14,25.268234
8.0,26,25.298263
7.0,15,25.316263
3.0,15,25.333264
5.0,25,25.362263
5.0,15,25.380263
10.0,26,25.412263
4.0,9,25.423264
2.0,11,25.437265
4.0,43,25.487263
8.0,19,25.511234
2.0,19,25.538234
8.0,18,25.564234
3.0,11,25.579233
1.0,3,25.583234
9.0,16,25.604264
6.0,11,25.618231
3.0,13,25.634231
4.0,15,25.651232
1.0,2,25.654264
5.0,12,25.669263
11.0,39,25.714263
12.0,21,25.739264
4.0,8,25.749263
4.0,20,25.773264
3.0,6,25.780264
12.0,30,25.815261
2.0,20,25.840231
2.0,7,25.849263
9.0,15,25.866263
4.0,17,25.887263
7.0,27,25.918261
3.0,7,25.927261
3.0,15,25.945263
7.0,11,25.959269
9.0,28,25.992086
2.0,7,26.001057
3.0,7,26.009087
2.0,3,26.013082
7.0,15,26.031057
4.0,15,26.049088
4.0,7,26.058087
4.0,15,26.076084
11.0,23,26.103087
3.0,15,26.121058
12.0,40,26.168088
13.0,37,26.211057
5.0,23,26.238089
4.0,16,26.257087
12.0,39,26.303087
8.0,22,26.329087
4.0,8,26.338088
2.0,11,26.352087
1.0,6,26.35909
2.0,7,26.368087
4.0,6,26.375087
8.0,18,26.396084
8.0,11,26.411058
3.0,8,26.421058
3.0,18,26.442087
4.0,9,26.453056
4.0,19,26.476085
3.0,8,26.485087
3.0,13,26.501091
1.0,3,26.505086
2.0,7,26.514087
3.0,11,26.527082
4.0,10,26.539082
5.0,27,26.571058
5.0,13,26.586092
5.0,27,26.61809
2.0,7,26.626086
1.0,6,26.634086
5.0,20,26.657094
1.0,7,26.66609
3.0,12,26.680085
4.0,10,26.692058
5.0,26,26.723087
2.0,7,26.731089
8.0,19,26.754087
4.0,19,26.776087
2.0,7,26.784087
9.0,22,26.810089
8.0,16,26.829082
6.0,27,26.861069
2.0,7,26.870087
4.0,11,26.884087
9.0,19,26.906089
3.0,11,26.919087
1.0,3,26.923087
8.0,22,26.949084
3.0,11,26.962081
8.0,18,26.984087
5.0,7,26.993058
4.0,7,27.001083
4.0,19,27.024055
2.0,7,27.033087
5.0,31,27.069087
7.0,23,27.096087
9.0,33,27.135087
2.0,15,27.154088
2.0,11,27.167087
3.0,11,27.181087
5.0,25,27.211088
11.0,40,27.259083
4.0,8,27.269057
2.0,7,27.278057
2.0,3,27.282057
5.0,21,27.307057
4.0,27,27.339057
10.0,25,27.368778
4.0,9,27.380778
2.0,7,27.388777
5.0,17,27.409808
2.0,7,27.418808
9.0,21,27.443806
4.0,23,27.470778
5.0,24,27.499778
5.0,23,28.582009
2.0,10,28.596008
2.0,7,28.606008
7.0,22,28.63301
3.0,8,28.643009
4.0,32,28.686008
6.0,19,28.715009
9.0,22,28.742708
11.0,46,28.798708
2.0,7,28.807709
3.0,11,28.820708
3.0,11,28.83571
8.0,15,28.85374
3.0,8,28.863739
3.0,6,28.871708
2.0,7,28.87974
6.0,11,28.893739
7.0,14,28.909739
3.0,20,28.933739
8.0,14,28.950742
11.0,52,29.010741
4.0,27,29.041711
3.0,15,29.060739
10.0,31,29.097737
8.0,19,29.120709
7.0,18,29.142739
10.0,24,29.171709
7.0,14,29.188709
8.0,19,29.211709
5.0,8,29.221709
5.0,17,29.242709
4.0,19,29.26571
3.0,11,29.278709
7.0,10,29.291709
9.0,20,29.315709
3.0,17,29.335709
15.0,31,29.372709
4.0,15,29.390707
3.0,13,29.406708
7.0,10,29.419707
4.0,11,29.432741
8.0,18,29.454712
9.0,22,29.481712
3.0,35,29.522712
4.0,10,29.535712
5.0,17,29.555741
8.0,14,29.572739
2.0,11,29.586741
5.0,23,29.614741
8.0,18,29.635739
10.0,22,29.662739
13.0,33,29.701712
3.0,15,29.720708
5.0,24,29.748739
3.0,4,29.75474
12.0,54,29.817737
2.0,11,29.831711
2.0,11,29.845739
2.0,7,29.854739
4.0,10,29.866739
4.0,10,29.878739
3.0,10,29.891712
5.0,12,29.906742
5.0,11,29.919739
3.0,7,29.928739
3.0,11,29.942739
10.0,46,29.99674
3.0,7,30.005742
8.0,13,30.021712
2.0,7,30.030712
7.0,14,30.047708
4.0,6,30.055739
2.0,7,30.064737
3.0,14,30.081552
8.0,14,30.098551
10.0,21,30.123552
10.0,14,30.140553
2.0,11,30.154549
5.0,23,30.181552
3.0,6,30.189552
4.0,15,30.207552
11.0,21,30.232525
2.0,7,30.241525
5.0,13,30.257525
10.0,18,30.279524
5.0,15,30.297524
3.0,9,30.308525
4.0,12,30.323524
4.0,9,30.334525
3.0,8,30.34439
11.0,35,30.387046
2.0,7,30.396045
12.0,42,30.446072
5.0,11,30.459073
4.0,11,30.473072
5.0,11,30.48607
4.0,22,30.513075
3.0,11,30.52707
9.0,31,30.564074
2.0,7,30.573073
4.0,25,30.602045
3.0,8,30.612043
10.0,29,30.649045
4.0,31,30.690041
4.0,15,30.712042
2.0,11,30.726045
8.0,22,30.753045
2.0,7,30.762045
5.0,24,30.792045
3.0,10,30.804045
7.0,10,30.816045
2.0,7,30.825045
3.0,8,30.835047
8.0,10,30.848045
3.0,11,30.862044
3.0,7,30.871072
4.0,8,30.882044
10.0,22,30.908067
3.0,29,30.94404
4.0,6,30.952041
3.0,5,30.958073
5.0,7,30.967072
2.0,15,30.986073
9.0,19,31.009072
7.0,17,31.029072
4.0,8,31.040042
8.0,18,31.062042
7.0,18,32.153932
5.0,13,32.172934
7.0,10,32.187937
8.0,16,32.214932
2.0,11,32.231932
5.0,33,32.275934
2.0,3,32.279933
4.0,19,32.303933
2.0,7,32.316934
7.0,20,32.346932
4.0,8,32.356934
3.0,8,32.367646
9.0,17,32.388645
3.0,11,32.407646
4.0,11,32.422647
3.0,8,32.435646
4.0,15,32.454675
4.0,7,32.464675
3.0,7,32.473675
4.0,10,32.485676
4.0,11,32.502646
1.0,3,32.507644
12.0,37,32.552645
8.0,26,32.584672
3.0,15,32.602645
3.0,7,32.611675
8.0,10,32.623675
4.0,27,32.656675
8.0,22,32.682646
10.0,26,32.71467
8.0,22,32.740674
4.0,14,32.757678
10.0,18,32.779675
1.0,15,32.797677
2.0,11,32.811501
4.0,19,32.834501
8.0,23,32.861504
9.0,17,32.881503
5.0,11,32.895474
3.0,5,32.902471
11.0,22,32.928501
2.0,7,32.937501
12.0,58,33.004496
4.0,10,33.017501
7.0,10,33.0295
13.0,28,33.068501
3.0,7,33.077501
3.0,23,33.105503
5.0,24,33.134496
3.0,11,33.148501
3.0,11,33.161502
4.0,8,33.171501
7.0,13,33.188502
8.0,21,33.213505
6.0,13,33.2295
4.0,18,33.251495
11.0,79,33.343474
2.0,13,33.359473
14.0,36,33.402473
2.0,10,33.414501
8.0,30,33.450906
3.0,11,33.463903
2.0,3,33.467906
3.0,7,33.476905
7.0,21,33.501906
9.0,31,33.5389
2.0,7,33.548907
4.0,7,33.557905
10.0,22,33.583905
8.0,38,33.628912
3.0,4,33.633905
5.0,23,33.661905
7.0,13,33.676907
4.0,6,33.684902
7.0,10,33.696874
4.0,10,33.709905
5.0,10,33.722878
10.0,54,33.785908
8.0,18,33.807905
9.0,22,33.833908
4.0,10,33.846909
6.0,26,33.877912
7.0,11,33.890914
3.0,15,33.9099
12.0,33,33.948902
9.0,22,33.974905
5.0,27,34.007905
9.0,26,34.038906
4.0,11,34.051905
3.0,6,34.059905
7.0,14,34.076902
6.0,21,34.101905
3.0,8,34.111905
3.0,9,34.122875
4.0,7,34.131905
9.0,15,34.149905
4.0,11,34.163906
2.0,11,34.177738
10.0,20,34.200739
3.0,30,34.236738
2.0,7,34.245735
9.0,14,34.262709
4.0,8,34.272711
4.0,16,34.291738
5.0,11,34.305738
11.0,24,34.334711
2.0,7,34.343711
4.0,31,34.379708
7.0,14,34.396711
5.0,11,34.410711
8.0,22,34.436711
7.0,23,34.464708
4.0,26,34.495711
4.0,7,34.504711
4.0,15,34.522711
4.0,20,34.546711
2.0,11,34.560711
2.0,15,34.579711
4.0,12,34.594711
3.0,15,34.612711
7.0,19,34.635711
4.0,7,34.644711
3.0,5,34.650711
4.0,8,34.660711
3.0,10,34.673711
12.0,32,35.777415
3.0,11,35.796414
5.0,25,35.841412
8.0,10,35.856414
3.0,7,35.866412
10.0,18,35.890412
4.0,10,35.906414
10.0,21,35.935415
7.0,22,35.963419
10.0,28,35.997444
10.0,35,36.039446
4.0,11,36.053414
2.0,7,36.062441
2.0,7,36.071413
11.0,30,36.107417
3.0,7,36.116418
2.0,3,36.121444
9.0,22,36.147445
4.0,7,36.156444
10.0,22,36.182415
4.0,17,36.203415
7.0,18,36.224444
1.0,3,36.228414
11.0,25,36.259414
3.0,6,36.266414
2.0,3,36.271413
4.0,27,36.303414
5.0,24,36.331414
10.0,18,36.353424
3.0,11,36.376413
2.0,11,36.394445
11.0,24,36.42345
8.0,14,36.440414
3.0,7,36.449414
8.0,14,36.466414
3.0,13,36.482414
3.0,35,36.523414
7.0,14,36.540414
3.0,5,36.547414
4.0,6,36.554414
7.0,10,36.567414
8.0,15,36.585414
3.0,11,36.599414
3.0,10,36.611414
5.0,8,36.621414
3.0,9,36.632414
8.0,18,36.654414
8.0,10,36.666414
4.0,9,36.677414
7.0,35,36.719417
3.0,8,36.729417
2.0,7,36.738417
10.0,62,36.811414
3.0,8,36.821414
2.0,15,36.839415
9.0,22,36.865414
7.0,11,36.879414
7.0,14,36.896414
3.0,31,36.934164
3.0,8,36.944164
8.0,15,36.962198
4.0,12,36.977167
8.0,18,36.999166
10.0,22,37.025166
3.0,9,37.036166
3.0,10,37.048166
3.0,18,37.070164
10.0,23,37.097165
4.0,11,37.110199
4.0,12,37.125196
5.0,32,37.162199
4.0,13,37.178196
4.0,11,37.191196
7.0,14,37.208196
8.0,18,37.229198
2.0,7,37.238201
4.0,38,37.282199
4.0,15,37.300194
7.0,14,37.316194
3.0,11,37.330199
7.0,14,37.347196
10.0,16,37.366201
4.0,23,37.392195
2.0,15,37.4102
4.0,15,37.428194
3.0,4,37.434196
8.0,14,37.450196
4.0,17,37.470196
3.0,19,37.493169
7.0,10,37.505197
10.0,18,37.526197
2.0,12,37.541196
4.0,12,37.556193
4.0,5,37.562196
2.0,7,37.571196
10.0,14,37.588166
3.0,7,37.596202
7.0,14,37.613168
3.0,10,37.625196
3.0,7,37.634194
3.0,8,37.643168
3.0,11,37.657196
11.0,99,37.771202
7.0,10,37.783188
9.0,22,37.809193
4.0,7,37.818196
8.0,10,37.830198
8.0,14,37.848196
10.0,26,37.879196
11.0,15,37.897196
4.0,23,37.925196
4.0,8,37.935196
3.0,11,37.948195
3.0,7,37.957196
8.0,23,37.985196
7.0,15,38.003196
9.0,14,38.021196
4.0,7,38.029199
4.0,9,38.041197
7.0,10,38.053198
3.0,14,38.070198
4.0,28,38.103195
4.0,9,38.114199
2.0,7,38.123167
4.0,9,38.134198
7.0,11,38.147197
2.0,23,38.174197
4.0,17,38.1952
8.0,14,38.212194
3.0,7,38.221199
4.0,7,38.229197
8.0,14,38.246198
8.0,14,38.262198
7.0,14,39.35054
8.0,15,39.368538
9.0,14,39.385538
3.0,7,39.394538
11.0,14,39.411538
10.0,57,39.487538
11.0,28,39.522541
11.0,25,39.553539
8.0,22,39.57954
4.0,10,39.591539
11.0,18,39.61257
2.0,11,39.625952
10.0,15,39.643958
8.0,18,39.665954
9.0,14,39.682957
3.0,15,39.700955
3.0,7,39.710926
7.0,18,39.732925
8.0,10,39.744952
3.0,10,39.756956
10.0,18,39.777956
2.0,7,39.786955
9.0,22,39.812955
4.0,18,39.834955
3.0,6,39.84196
7.0,15,39.859955
2.0,3,39.863925
9.0,17,39.883925
4.0,6,39.891954
5.0,9,39.902956
3.0,6,39.910955
10.0,25,39.939955
2.0,7,39.948955
3.0,15,39.966956
3.0,9,39.977925
11.0,18,39.999955
2.0,7,40.007954
10.0,18,40.030537
8.0,18,40.051536
4.0,17,40.072536
7.0,10,40.084534
10.0,24,40.113538
4.0,6,40.120541
9.0,15,40.138537
9.0,26,40.169533
2.0,7,40.178532
10.0,138,40.339506
3.0,15,40.357507
3.0,16,40.376507
7.0,10,40.388507
2.0,5,40.395506
10.0,22,40.421507
4.0,11,40.435506
7.0,15,40.453506
10.0,25,40.483507
3.0,6,40.491295
7.0,14,40.508294
8.0,16,40.527295
3.0,7,40.536295
4.0,15,40.555295
9.0,18,40.576295
3.0,8,40.587296
4.0,10,40.600295
3.0,9,40.611295
8.0,22,40.638295
3.0,7,40.646295
3.0,7,40.655295
4.0,8,40.665295
3.0,15,40.684295
7.0,10,40.696295
3.0,5,40.703295
11.0,47,40.759295
9.0,22,40.785298
7.0,12,40.800295
3.0,15,40.818295
2.0,7,40.827296
7.0,14,40.844296
10.0,126,41.005812
10.0,21,41.030843
3.0,11,41.043831
10.0,42,41.09386
3.0,12,41.108848
2.0,7,41.117847
3.0,8,41.127844
11.0,42,41.176814
3.0,7,41.185847
3.0,8,41.195844
9.0,22,41.222844
10.0,80,41.315844
9.0,15,41.333813
9.0,35,41.375842
11.0,39,41.421844
10.0,18,41.443686
3.0,15,41.462651
2.0,6,41.470651
3.0,15,41.49065
3.0,5,41.497651
2.0,7,41.506649
9.0,12,41.52068
14.0,27,41.554651
3.0,10,41.566675
3.0,19,41.58968
7.0,10,41.602676
11.0,27,41.636687
5.0,10,41.649651
4.0,11,41.664652
2.0,7,41.673649
5.0,11,41.687681
2.0,7,41.697649
4.0,15,41.716676
12.0,22,41.742681
3.0,27,41.776686
2.0,3,41.781676
4.0,11,41.79465
4.0,9,41.805682
9.0,20,41.830657
14.0,26,42.997193
9.0,10,43.013194
10.0,16,43.038193
2.0,7,43.050193
5.0,23,43.080195
8.0,18,43.107196
8.0,13,43.127197
9.0,19,43.156197
2.0,7,43.167196
3.0,8,43.180195
9.0,18,43.202195
2.0,7,43.212196
10.0,18,43.234195
11.0,25,43.266196
9.0,22,43.293195
2.0,7,43.302194
3.0,7,43.312195
7.0,14,43.328228
3.0,14,43.345226
9.0,12,43.360229
10.0,69,43.440232
9.0,18,43.465196
8.0,18,43.490196
11.0,38,43.537227
10.0,25,43.570197
3.0,9,43.582195
10.0,22,43.609196
7.0,14,43.627196
3.0,7,43.6372
4.0,21,43.664226
8.0,18,43.685195
4.0,7,43.694227
3.0,7,43.704197
4.0,16,43.723226
3.0,11,43.737229
3.0,11,43.750229
3.0,8,43.760228
10.0,22,43.786226
3.0,6,43.794222
11.0,14,43.811226
3.0,5,43.817229
11.0,34,43.859228
10.0,15,43.880226
7.0,14,43.899227
8.0,13,43.916199
7.0,10,43.932197
4.0,11,43.951201
10.0,19,43.978196
10.0,15,44.000225
4.0,7,44.010226
11.0,22,44.042725
3.0,11,44.061753
4.0,20,44.090724
8.0,14,44.110755
7.0,14,44.131727
7.0,10,44.145755
13.0,17,44.168755
3.0,23,44.197756
2.0,7,44.206755
7.0,10,44.218727
11.0,23,44.248755
7.0,14,44.265726
4.0,6,44.27375
8.0,18,44.295757
3.0,21,44.323555
2.0,15,44.341588
3.0,7,44.350588
2.0,7,44.359588
2.0,3,44.36359
3.0,4,44.369588
13.0,18,44.390588
10.0,102,44.508589
3.0,11,44.522588
4.0,6,44.530588
3.0,7,44.538588
8.0,14,44.556588
3.0,15,44.574559
2.0,3,44.579588
7.0,14,44.596587
3.0,6,44.603593
8.0,10,44.616592
5.0,31,44.653588
2.0,3,44.65759
5.0,11,44.671588
8.0,14,44.688588
5.0,19,44.711588
4.0,11,44.725588
3.0,11,44.738588
5.0,10,44.751556
7.0,14,44.768584
4.0,10,44.78059
3.0,11,44.793588
3.0,22,44.82059
4.0,8,44.830561
4.0,23,44.857558
4.0,16,44.877558
8.0,16,44.896583
2.0,7,44.905588
9.0,18,44.927586
8.0,22,44.953593
10.0,18,44.975558
12.0,19,44.998585
9.0,13,45.014591
10.0,16,45.034598
7.0,10,45.046585
13.0,58,45.116358
2.0,7,45.125362
2.0,11,45.139361
8.0,14,45.155361
3.0,10,45.168361
3.0,6,45.176361
6.0,16,45.195361
8.0,10,45.208361
8.0,14,45.225361
11.0,49,45.283391
9.0,14,45.300363
10.0,19,45.323361
8.0,10,45.336361
7.0,14,45.353361
10.0,41,45.401361
2.0,15,45.420361
10.0,15,45.438361
2.0,3,45.443361
2.0,3,45.447361
4.0,11,45.461361
4.0,10,45.473361
7.0,18,45.495361
2.0,3,45.499361
2.0,8,45.509361
9.0,22,45.536361
4.0,8,45.546361
3.0,15,45.564358
7.0,10,45.576358
10.0,28,46.732827
11.0,14,46.750828
10.0,19,46.773828
10.0,16,46.795825
4.0,7,46.804825
4.0,10,46.817827
12.0,68,46.900825
2.0,3,46.904826
9.0,14,46.921825
10.0,26,46.951826
9.0,13,46.967829
8.0,10,46.982828
2.0,15,47.001852
3.0,10,47.013851
7.0,10,47.025827
2.0,7,47.034851
4.0,14,47.051857
3.0,7,47.060851
11.0,23,47.087858
7.0,14,47.104858
4.0,7,47.113827
10.0,23,47.140858
3.0,19,47.162858
3.0,8,47.172858
7.0,14,47.189859
3.0,31,47.226862
7.0,14,47.243858
12.0,33,47.282858
3.0,7,47.291863
8.0,18,47.313859
9.0,18,47.334858
10.0,18,47.356856
2.0,7,47.36586
8.0,10,47.377859
7.0,10,47.39086
4.0,15,47.408858
7.0,14,47.425828
3.0,5,47.431831
2.0,7,47.440831
11.0,167,47.635831
2.0,19,47.658831
4.0,10,47.670831
4.0,15,47.689831
8.0,22,47.715831
4.0,6,47.723831
2.0,11,47.737831
12.0,51,47.797831
9.0,14,47.815646
3.0,13,47.831673
3.0,6,47.838677
4.0,8,47.848646
3.0,15,47.867673
10.0,15,47.885643
3.0,6,47.893642
7.0,14,47.910671
12.0,25,47.939668
10.0,28,47.972676
3.0,7,47.982672
9.0,10,47.994646
9.0,11,48.008646
3.0,4,48.013646
10.0,26,48.045646
7.0,14,48.062645
11.0,72,48.146673
11.0,36,48.189678
8.0,14,48.205644
10.0,18,48.226673
2.0,7,48.235642
11.0,55,48.299673
3.0,17,48.319674
11.0,29,48.352673
10.0,38,48.396668
2.0,3,48.401643
12.0,70,48.482124
9.0,14,48.499129
3.0,7,48.507123
4.0,11,48.521123
8.0,10,48.533124
11.0,15,48.551123
3.0,11,48.564123
10.0,14,48.582127
11.0,21,48.607124
3.0,7,48.615124
10.0,18,48.637123
2.0,3,48.641126
11.0,38,48.685124
8.0,14,48.702123
9.0,16,48.721126
8.0,18,48.742126
7.0,10,48.754123
3.0,8,48.764123
3.0,5,48.771123
4.0,9,48.782124
7.0,11,48.795123
5.0,11,48.808123
11.0,28,48.842126
8.0,18,48.86312
2.0,3,48.867124
3.0,7,48.876123
7.0,10,48.888121
10.0,19,48.91112
4.0,13,48.926094
3.0,7,48.935123
2.0,7,48.944123
4.0,10,48.956123
3.0,22,48.982127
4.0,8,48.992118
2.0,3,48.996095
8.0,18,49.017123
4.0,12,49.032121
7.0,14,49.049123
7.0,10,49.061124
7.0,14,49.078093
4.0,19,49.101096
4.0,11,49.115096
3.0,7,49.124096
2.0,11,49.137096
3.0,6,49.145096
8.0,18,49.165871
2.0,7,49.174871
10.0,13,50.359411
9.0,13,50.376411
5.0,17,50.39641
10.0,65,50.478442
12.0,32,50.52541
7.0,10,50.542222
3.0,4,50.548214
10.0,48,50.60422
3.0,20,50.62822
8.0,10,50.64122
3.0,7,50.64922
11.0,34,50.689215
2.0,3,50.693219
7.0,10,50.70622
9.0,13,50.72222
7.0,10,50.734223
4.0,16,50.754189
8.0,18,50.775189
8.0,22,50.80409
8.0,14,50.821084
12.0,41,50.871063
7.0,15,50.890089
10.0,14,50.90709
11.0,16,50.926059
9.0,18,50.94809
3.0,7,50.957089
9.0,17,50.978085
2.0,3,50.982092
4.0,19,51.006058
9.0,19,51.028085
2.0,7,51.037089
7.0,10,51.049089
11.0,15,51.067091
7.0,14,51.084088
5.0,14,51.100088
9.0,10,51.11506
2.0,3,51.120059
2.0,7,51.133061
10.0,20,51.161064
2.0,11,51.178064
10.0,44,51.233088
10.0,314,51.59909
9.0,18,51.621093
7.0,10,51.632513
8.0,13,51.648583
3.0,5,51.655583
8.0,10,51.667588
3.0,7,51.676561
3.0,6,51.684584
7.0,10,51.697559
3.0,6,51.705589
10.0,14,51.722558
2.0,11,51.735589
2.0,7,51.744588
11.0,24,51.773589
9.0,13,51.789589
6.0,13,51.805589
3.0,7,51.814588
4.0,6,51.822583
12.0,26,51.853589
10.0,36,51.896014
7.0,10,51.909043
10.0,22,51.935047
4.0,8,51.945043
3.0,4,51.951045
3.0,9,51.962043
4.0,15,51.980048
10.0,16,52.000042
7.0,14,52.01704
2.0,7,52.026011
10.0,16,52.045042
4.0,10,52.05804
3.0,7,52.067044
5.0,19,52.090043
3.0,4,52.095045
2.0,3,52.099038
3.0,11,52.11304
7.0,10,52.126012
3.0,8,52.136012
3.0,4,52.141042
10.0,11,52.155043
2.0,7,52.164043
10.0,18,52.186012
7.0,9,52.197047
7.0,14,52.214037
3.0,5,52.220038
3.0,4,52.226012
10.0,13,52.242043
4.0,19,52.265043
10.0,23,52.292038
8.0,10,52.30504
3.0,7,52.31404
10.0,115,52.447044
8.0,18,52.469043
2.0,11,52.483045
2.0,5,52.489043
8.0,14,52.506043
3.0,7,52.515038
10.0,30,52.551042
7.0,10,52.563045
11.0,20,52.586049
8.0,14,52.603043
9.0,13,52.619043
8.0,18,52.641011
10.0,20,52.664042
7.0,23,52.691045
3.0,11,52.705046
12.0,33,52.743042
2.0,7,52.752043
11.0,12,52.766042
7.0,10,52.779042
7.0,10,52.791042
4.0,15,52.808043
10.0,22,52.834042
4.0,9,52.845043
