#{"t_start": 1743793390.2158263, "env_id": "sneaky_enemies"}
r,l,t
2.0,7,0.019
6.0,60,0.099997
1.0,9,0.114998
12.0,77,0.220998
3.0,11,0.233997
1.0,7,0.242997
2.0,27,0.27503
2.0,11,0.288002
1.0,8,0.298002
5.0,34,0.338997
1.0,3,0.34303
4.0,31,0.379029
3.0,35,0.421029
1.0,13,0.43703
5.0,10,0.449029
2.0,21,0.474029
1.0,7,0.483029
2.0,7,0.492028
2.0,11,0.506002
4.0,31,0.543002
4.0,23,0.571002
1.0,23,0.600005
3.0,8,0.611002
2.0,3,0.616029
5.0,30,0.652997
3.0,31,0.690752
2.0,11,0.703755
3.0,15,0.72175
2.0,10,0.734755
2.0,11,0.747752
2.0,7,0.756757
2.0,7,0.765755
3.0,23,0.792755
9.0,27,0.823755
4.0,31,0.860755
1.0,5,0.867755
2.0,39,0.913755
3.0,19,0.936755
1.0,12,0.950756
5.0,34,0.990755
1.0,4,0.997392
2.0,23,1.025392
4.0,9,1.036387
1.0,5,1.043394
1.0,23,1.070392
3.0,31,1.108364
3.0,23,1.138364
1.0,4,1.143391
1.0,17,1.164397
4.0,27,1.196387
2.0,3,1.201396
4.0,7,1.210361
2.0,6,1.217391
5.0,59,1.287391
3.0,15,1.305392
2.0,15,1.324394
3.0,7,1.334387
1.0,7,1.343397
4.0,50,1.402389
6.0,47,1.458363
1.0,15,1.478366
1.0,26,1.509392
4.0,43,1.561201
2.0,7,1.570201
3.0,7,1.579201
3.0,15,1.5982
1.0,7,1.608204
4.0,27,1.640228
2.0,35,1.681198
2.0,11,1.69423
6.0,31,1.731227
4.0,55,1.796228
4.0,18,1.818227
1.0,17,1.839229
1.0,5,1.845227
2.0,11,1.859229
5.0,17,1.880714
4.0,21,1.907715
3.0,31,1.951712
2.0,15,1.969715
3.0,14,1.986715
4.0,39,2.036741
1.0,5,2.043742
2.0,19,2.067712
6.0,34,2.108713
2.0,6,2.115742
4.0,15,2.133739
1.0,3,2.137742
3.0,35,2.179737
2.0,51,2.238715
2.0,6,2.246742
2.0,7,2.255741
1.0,3,2.259744
1.0,5,2.265715
2.0,3,2.270739
3.0,11,2.283742
5.0,12,2.298742
1.0,4,2.303742
8.0,21,2.329741
1.0,3,2.333741
2.0,15,2.351741
2.0,7,2.360748
6.0,23,2.388742
3.0,8,2.399737
5.0,39,2.445741
2.0,31,2.483744
4.0,19,2.506742
1.0,15,2.524714
3.0,7,2.535715
2.0,19,3.677177
2.0,15,3.696176
1.0,11,3.714173
3.0,7,3.725175
2.0,7,3.737174
5.0,20,3.776176
2.0,12,3.800177
5.0,35,3.861176
4.0,9,3.872176
1.0,11,3.887176
4.0,14,3.905174
4.0,7,3.915175
4.0,13,3.931206
8.0,33,3.973179
2.0,7,3.983199
2.0,7,3.992207
3.0,6,4.000207
2.0,8,4.010207
1.0,13,4.026206
4.0,12,4.041206
4.0,39,4.091176
4.0,10,4.103176
2.0,11,4.116176
2.0,17,4.137176
2.0,29,4.172174
2.0,8,4.182176
3.0,11,4.196176
7.0,27,4.229176
4.0,19,4.252176
2.0,11,4.266176
2.0,7,4.275176
4.0,23,4.303174
4.0,15,4.321176
1.0,4,4.326176
1.0,3,4.330176
6.0,20,4.354176
2.0,11,4.368176
2.0,11,4.382176
2.0,7,4.391176
2.0,21,4.416176
1.0,7,4.425176
2.0,3,4.429176
3.0,19,4.452176
3.0,17,4.473176
9.0,46,4.527176
2.0,17,4.548176
1.0,14,4.565176
2.0,7,4.574175
4.0,13,4.590179
3.0,11,4.604207
7.0,19,4.627205
6.0,29,4.662208
1.0,2,4.665207
4.0,12,4.680207
4.0,15,4.699201
1.0,4,4.704179
2.0,5,4.711179
3.0,7,4.720179
5.0,47,4.776577
2.0,7,4.785574
3.0,15,4.803573
1.0,17,4.824575
2.0,7,4.833574
3.0,15,4.852573
3.0,11,4.865575
3.0,15,4.884574
3.0,15,4.902575
2.0,7,4.911605
5.0,19,4.935604
1.0,4,4.940606
2.0,11,4.954604
4.0,8,4.964574
2.0,6,4.972575
2.0,3,4.976574
3.0,27,5.009575
1.0,3,5.013575
2.0,11,5.027575
5.0,39,5.074574
5.0,24,5.103575
3.0,10,5.116573
1.0,7,5.124574
3.0,15,5.143574
4.0,11,5.157575
4.0,11,5.170574
2.0,15,5.189574
2.0,11,5.202574
2.0,7,5.211574
1.0,2,5.214574
5.0,63,5.290574
5.0,31,5.327575
1.0,15,5.346574
2.0,15,5.364574
3.0,31,5.402575
4.0,15,5.421604
5.0,16,5.441578
1.0,7,5.450577
1.0,7,5.459578
5.0,27,5.492578
1.0,7,5.501578
3.0,15,5.519578
3.0,20,5.544578
4.0,10,5.556578
3.0,7,5.566578
1.0,7,5.575577
1.0,5,5.581577
4.0,43,5.634574
1.0,7,5.643574
1.0,3,5.647574
3.0,26,5.678573
8.0,22,5.705574
2.0,5,5.711574
13.0,48,5.768608
10.0,46,5.822605
3.0,22,5.849578
2.0,7,5.857604
2.0,7,5.866601
1.0,6,5.874604
3.0,15,5.892604
4.0,16,5.912608
1.0,15,5.930602
3.0,19,5.953606
2.0,7,5.962603
1.0,7,5.971575
3.0,19,5.995611
1.0,10,6.007607
2.0,7,6.016604
2.0,23,6.043604
5.0,27,6.075605
2.0,15,6.093604
3.0,19,6.117451
1.0,8,6.127422
4.0,15,6.145422
1.0,6,6.15242
4.0,16,6.171421
2.0,7,6.18042
1.0,3,6.18442
3.0,6,6.19242
11.0,46,7.382418
4.0,15,7.403419
5.0,11,7.421419
2.0,7,7.432416
6.0,27,7.472419
1.0,7,7.48513
3.0,9,7.501132
2.0,7,7.511132
2.0,8,7.523132
4.0,10,7.539131
3.0,15,7.561132
3.0,16,7.581136
4.0,20,7.605135
3.0,10,7.618135
4.0,17,7.639136
8.0,36,7.682136
4.0,19,7.705136
4.0,12,7.720136
5.0,20,7.744136
4.0,12,7.759136
2.0,7,7.768136
4.0,15,7.787134
1.0,5,7.793132
4.0,20,7.818134
2.0,7,7.827132
6.0,44,7.880136
4.0,24,7.911165
4.0,47,7.968162
3.0,11,7.982162
1.0,3,7.986163
4.0,13,8.003163
3.0,19,8.026132
4.0,19,8.049132
3.0,27,8.081132
5.0,22,8.108132
1.0,7,8.116132
3.0,18,8.138132
4.0,25,8.169132
3.0,23,8.197133
4.0,20,8.222133
3.0,7,8.231133
4.0,8,8.241133
3.0,9,8.253133
4.0,15,8.272131
1.0,12,8.286133
4.0,23,8.314133
1.0,10,8.327132
4.0,28,8.361133
3.0,7,8.370133
1.0,3,8.375133
4.0,10,8.387133
5.0,14,8.404133
2.0,7,8.413133
5.0,17,8.435133
4.0,19,8.458132
4.0,11,8.472133
3.0,13,8.489133
4.0,10,8.502133
4.0,7,8.511133
3.0,15,8.529136
4.0,6,8.537136
4.0,6,8.545135
4.0,16,8.565136
6.0,17,8.588137
4.0,11,8.602133
3.0,7,8.611133
2.0,3,8.615133
5.0,18,8.638568
2.0,3,8.642568
3.0,23,8.671568
9.0,17,8.692568
3.0,19,8.715568
6.0,33,8.755568
3.0,19,8.778568
1.0,7,8.787568
4.0,7,8.796568
1.0,3,8.800568
2.0,11,8.814568
4.0,23,8.842568
9.0,54,8.907568
4.0,23,8.936569
4.0,31,8.979572
2.0,11,8.99557
3.0,15,9.015598
2.0,6,9.023571
3.0,15,9.041571
2.0,7,9.050571
3.0,8,9.060571
1.0,7,9.06957
3.0,10,9.081568
1.0,7,9.090569
3.0,15,9.10857
2.0,12,9.122566
4.0,14,9.139597
1.0,6,9.147597
4.0,23,9.174598
1.0,14,9.190598
2.0,7,9.199604
1.0,3,9.203597
8.0,22,9.231595
11.0,36,9.273597
5.0,19,9.295596
4.0,7,9.3046
2.0,10,9.317592
7.0,14,9.334597
2.0,7,9.342593
3.0,11,9.356598
4.0,12,9.370598
2.0,11,9.384597
3.0,11,9.397598
4.0,9,9.408601
2.0,3,9.413597
2.0,27,9.445598
3.0,15,9.463589
3.0,19,9.4866
3.0,13,9.502597
3.0,15,9.520571
3.0,11,9.533597
3.0,14,9.550568
4.0,14,9.567595
1.0,3,9.573598
3.0,13,9.588593
2.0,19,9.611598
4.0,10,9.623597
3.0,10,9.636598
1.0,11,9.6496
3.0,23,9.677601
9.0,15,9.695595
2.0,7,9.704597
2.0,15,9.723598
5.0,27,9.754597
3.0,23,9.782598
1.0,3,9.786598
3.0,11,9.80057
5.0,19,9.823596
2.0,15,9.8416
4.0,9,9.852597
3.0,5,9.859138
2.0,3,9.864173
3.0,11,9.877174
5.0,31,9.913143
3.0,18,11.190419
4.0,17,11.217421
5.0,23,11.24942
5.0,21,11.284418
8.0,30,11.32942
1.0,3,11.335418
4.0,8,11.347421
4.0,27,11.387417
7.0,19,11.412423
4.0,25,11.445418
4.0,20,11.477169
10.0,34,11.536169
1.0,7,11.545169
3.0,19,11.57217
5.0,19,11.597169
5.0,18,11.620168
9.0,39,11.66917
2.0,7,11.678169
1.0,6,11.686169
5.0,7,11.69617
5.0,26,11.72917
4.0,8,11.740169
2.0,7,11.750169
3.0,11,11.76417
1.0,13,11.78117
1.0,6,11.789167
2.0,27,11.823167
3.0,17,11.8432
2.0,3,11.847201
9.0,38,11.8922
4.0,10,11.904199
3.0,15,11.923172
3.0,16,11.942172
5.0,34,11.983172
2.0,7,11.992173
3.0,19,12.01517
6.0,15,12.034173
2.0,8,12.044168
4.0,9,12.055168
4.0,15,12.073168
3.0,31,12.109199
3.0,7,12.118196
4.0,13,12.133169
9.0,22,12.160169
11.0,38,12.205168
3.0,17,12.23017
8.0,26,12.277205
3.0,8,12.29861
5.0,14,12.329356
1.0,7,12.345386
3.0,15,12.380512
7.0,21,12.423257
6.0,38,12.491299
9.0,26,12.559557
3.0,12,12.585146
3.0,34,12.662917
3.0,12,12.680441
4.0,15,12.701056
3.0,9,12.714581
5.0,17,12.738218
2.0,3,12.742327
1.0,3,12.747325
3.0,12,12.775474
6.0,20,12.806038
9.0,31,12.858166
1.0,23,12.913843
4.0,19,12.953138
4.0,27,12.998313
8.0,15,13.021441
4.0,20,13.045458
5.0,11,13.065813
5.0,11,13.081429
1.0,3,13.086435
4.0,12,13.101525
8.0,19,13.129655
5.0,19,13.15321
3.0,22,13.181443
3.0,18,13.203082
4.0,8,13.213596
1.0,5,13.219597
4.0,9,13.231171
3.0,7,13.240203
5.0,39,13.288434
5.0,11,13.303333
10.0,19,13.326354
3.0,35,13.370556
8.0,35,13.41333
7.0,14,13.430354
4.0,15,13.448964
4.0,8,13.458534
3.0,11,13.473409
5.0,13,13.488862
2.0,11,13.504561
1.0,3,13.509563
2.0,7,13.518583
3.0,5,13.524659
3.0,7,13.533168
2.0,7,13.543288
4.0,47,13.599065
3.0,7,13.608606
9.0,27,13.643562
3.0,7,13.652106
2.0,11,13.665646
10.0,37,13.71154
5.0,19,13.73479
4.0,8,13.745363
2.0,15,13.763005
2.0,29,13.799159
3.0,15,13.818283
2.0,7,13.826612
2.0,11,13.841675
8.0,22,13.867629
3.0,15,13.887298
7.0,30,13.923351
3.0,5,13.930377
7.0,14,13.947371
2.0,7,13.956612
1.0,4,13.961803
2.0,7,13.972399
3.0,15,13.990507
2.0,15,14.011766
3.0,15,14.030309
3.0,7,14.039604
9.0,30,14.077175
5.0,15,14.09631
3.0,9,14.106691
3.0,15,15.397782
2.0,7,15.407294
8.0,10,15.420314
3.0,17,15.44535
9.0,23,15.477903
3.0,10,15.49042
3.0,9,15.502561
4.0,13,15.518843
2.0,7,15.528363
3.0,8,15.53888
3.0,21,15.572395
2.0,7,15.583913
1.0,9,15.602457
4.0,19,15.627481
3.0,15,15.648499
5.0,21,15.677078
4.0,14,15.694611
2.0,11,15.707151
4.0,13,15.724262
3.0,6,15.731832
2.0,3,15.735833
3.0,7,15.744402
3.0,9,15.755968
5.0,27,15.789535
3.0,15,15.809082
4.0,13,15.824231
1.0,4,15.829229
1.0,5,15.83581
4.0,33,15.876019
2.0,11,15.890592
3.0,15,15.908985
3.0,10,15.922045
10.0,18,15.944074
4.0,19,15.970605
4.0,10,15.983131
3.0,13,15.999165
3.0,11,16.014204
5.0,20,16.039239
7.0,10,16.054262
4.0,11,16.06777
2.0,3,16.072278
3.0,13,16.087784
11.0,26,16.120526
5.0,11,16.134084
2.0,15,16.152259
5.0,12,16.166831
4.0,10,16.179417
3.0,13,16.196023
2.0,11,16.208604
3.0,9,16.221255
9.0,30,16.257992
5.0,21,16.284573
3.0,7,16.294614
3.0,8,16.305165
2.0,11,16.318318
2.0,11,16.332373
6.0,12,16.347898
3.0,8,16.358417
2.0,7,16.366934
3.0,18,16.398047
3.0,7,16.406554
2.0,8,16.417058
3.0,7,16.426604
3.0,7,16.437099
3.0,19,16.461759
2.0,15,16.48037
4.0,10,16.492994
4.0,23,16.523298
1.0,7,16.53184
2.0,3,16.535862
3.0,21,16.562559
8.0,18,16.584251
5.0,23,16.614442
4.0,12,16.629054
1.0,5,16.635628
4.0,16,16.655292
3.0,9,16.665856
4.0,15,16.687001
9.0,24,16.719251
4.0,19,16.743921
2.0,11,16.75941
4.0,11,16.773519
3.0,24,16.803663
9.0,26,16.835398
4.0,31,16.874495
3.0,21,16.902557
3.0,7,16.911061
1.0,7,16.920579
3.0,6,16.929591
3.0,11,16.943624
8.0,26,16.975866
4.0,5,16.981407
5.0,15,16.999565
3.0,15,17.019426
2.0,11,17.032753
4.0,14,17.052791
10.0,25,17.086132
3.0,18,17.110353
2.0,7,17.119385
4.0,17,17.141076
5.0,17,17.162221
3.0,11,17.175734
3.0,27,17.208823
4.0,19,17.235372
10.0,27,17.268925
2.0,7,17.277441
4.0,27,17.312872
3.0,12,17.327435
3.0,12,17.341548
1.0,5,17.349576
3.0,7,17.358147
7.0,14,17.375854
4.0,31,17.412673
3.0,11,17.427249
4.0,11,17.441354
4.0,11,17.454922
4.0,9,17.467473
8.0,23,17.496753
5.0,16,17.515859
3.0,7,17.525374
3.0,7,17.536887
8.0,14,17.554966
3.0,25,17.585654
4.0,19,17.609218
9.0,24,17.638894
11.0,21,17.66555
11.0,39,17.714269
3.0,23,17.743876
3.0,11,17.758413
4.0,10,17.771434
3.0,8,17.780941
5.0,23,17.812003
4.0,11,17.825516
8.0,31,17.865577
4.0,15,17.884598
3.0,11,17.898624
2.0,5,17.906133
4.0,19,17.933267
5.0,21,17.966357
2.0,11,17.983382
2.0,11,18.000472
2.0,15,18.023026
1.0,3,18.028027
2.0,15,18.048059
3.0,23,19.563065
2.0,7,19.582091
3.0,15,19.620679
10.0,22,19.672298
4.0,9,19.697868
4.0,7,19.71491
8.0,18,19.754498
8.0,34,19.821157
2.0,18,19.858974
2.0,7,19.874024
3.0,12,19.898233
2.0,8,19.910261
3.0,20,19.939301
8.0,30,19.996929
7.0,14,20.017921
3.0,11,20.035949
4.0,36,20.08156
3.0,7,20.092073
9.0,24,20.120803
5.0,32,20.159488
3.0,4,20.165027
7.0,10,20.177613
4.0,13,20.195595
3.0,9,20.208649
10.0,32,20.257304
4.0,10,20.272331
4.0,11,20.29039
5.0,20,20.316015
4.0,11,20.329583
3.0,15,20.348302
7.0,14,20.365364
4.0,22,20.392954
3.0,5,20.39953
4.0,23,20.427048
3.0,14,20.445188
3.0,15,20.464309
3.0,8,20.47682
11.0,28,20.513395
10.0,41,20.578485
3.0,7,20.595521
3.0,7,20.606554
5.0,7,20.617071
8.0,10,20.630584
3.0,7,20.640572
9.0,19,20.666611
3.0,11,20.680633
5.0,27,20.7157
2.0,7,20.725213
9.0,16,20.746238
3.0,7,20.755744
10.0,54,20.824522
7.0,18,20.846541
4.0,22,20.874068
3.0,10,20.886675
2.0,19,20.910325
4.0,19,20.934677
4.0,11,20.948211
3.0,7,20.95769
4.0,8,20.96723
12.0,34,21.008936
3.0,16,21.028979
3.0,8,21.039496
3.0,19,21.063691
4.0,33,21.10251
3.0,14,21.120644
9.0,28,21.154327
3.0,6,21.161902
9.0,17,21.182017
5.0,13,21.198182
11.0,22,21.224806
3.0,8,21.234412
6.0,19,21.256544
5.0,11,21.270619
3.0,6,21.278658
3.0,7,21.287228
9.0,18,21.312404
4.0,17,21.341068
3.0,7,21.353122
10.0,23,21.385781
4.0,13,21.405338
4.0,7,21.415387
5.0,19,21.440937
2.0,21,21.468502
4.0,12,21.486529
3.0,14,21.50809
2.0,7,21.517606
1.0,4,21.523608
3.0,10,21.537644
4.0,11,21.552164
6.0,13,21.571206
4.0,23,21.601775
1.0,3,21.60729
1.0,10,21.624318
2.0,7,21.634835
4.0,15,21.65548
4.0,15,21.676507
3.0,12,21.693528
3.0,7,21.704366
4.0,15,21.723389
5.0,24,21.753951
2.0,7,21.762494
11.0,21,21.789167
3.0,7,21.799219
2.0,35,21.849257
3.0,11,21.866366
3.0,13,21.884885
7.0,14,21.904466
2.0,7,21.91395
2.0,13,21.931609
2.0,7,21.941105
9.0,18,21.966142
9.0,18,21.990585
11.0,33,22.032206
10.0,23,22.060848
4.0,6,22.068418
5.0,25,22.098626
5.0,23,22.127374
3.0,7,22.136374
9.0,22,22.163056
3.0,19,22.187781
3.0,7,22.199787
4.0,18,22.234353
2.0,10,22.247525
2.0,15,22.267576
8.0,23,22.298786
8.0,22,22.326473
5.0,29,22.369556
3.0,4,22.375583
12.0,36,22.426501
4.0,11,22.451624
4.0,19,23.816301
3.0,7,23.826815
3.0,15,23.849865
2.0,11,23.864381
3.0,9,23.877405
5.0,10,23.89845
3.0,7,23.912485
3.0,7,23.928526
3.0,23,23.977133
2.0,15,24.008768
3.0,11,24.024287
7.0,13,24.042013
3.0,15,24.064827
3.0,39,24.114573
8.0,14,24.132605
5.0,28,24.179901
3.0,10,24.193417
7.0,18,24.219483
3.0,10,24.232988
3.0,6,24.241503
8.0,10,24.255019
2.0,7,24.264539
3.0,15,24.28262
7.0,14,24.298788
4.0,18,24.321449
3.0,11,24.33554
9.0,23,24.364151
7.0,14,24.381315
5.0,15,24.400416
10.0,71,24.486426
2.0,7,24.494996
10.0,22,24.52319
3.0,10,24.53479
4.0,19,24.557447
11.0,20,24.58245
7.0,14,24.600996
4.0,11,24.614549
3.0,23,24.643191
3.0,15,24.661273
4.0,13,24.677337
8.0,18,24.699482
5.0,17,24.722147
2.0,7,24.730716
10.0,20,24.75648
9.0,20,24.781126
2.0,19,24.804787
6.0,21,24.830471
5.0,20,24.855554
3.0,11,24.868692
5.0,11,24.883237
2.0,12,24.89934
2.0,7,24.908453
4.0,13,24.926531
8.0,19,24.949646
3.0,11,24.963123
8.0,14,24.98216
5.0,11,24.994697
7.0,14,25.013373
13.0,31,25.04959
4.0,11,25.065129
4.0,7,25.074694
8.0,26,25.112416
8.0,18,25.133556
3.0,13,25.150608
7.0,45,25.204678
3.0,7,25.214195
4.0,15,25.233135
7.0,18,25.255273
3.0,7,25.264852
3.0,12,25.28097
1.0,7,25.289549
4.0,8,25.299123
2.0,11,25.313244
3.0,11,25.326374
2.0,23,25.355471
4.0,8,25.365029
8.0,19,25.390676
4.0,34,25.432292
1.0,3,25.436836
6.0,31,25.473544
10.0,25,25.504799
5.0,11,25.519936
2.0,7,25.528465
4.0,8,25.539046
2.0,11,25.552609
3.0,7,25.564108
2.0,7,25.572624
3.0,13,25.588687
12.0,62,25.663067
8.0,22,25.689768
1.0,2,25.692775
3.0,11,25.706424
9.0,23,25.735554
11.0,46,25.789414
4.0,8,25.798966
4.0,7,25.810132
11.0,21,25.835271
4.0,7,25.844818
3.0,15,25.862908
2.0,11,25.877031
3.0,11,25.89161
7.0,27,25.923743
8.0,22,25.950294
2.0,7,25.958811
8.0,14,25.976845
3.0,23,26.004539
2.0,7,26.015093
3.0,13,26.033203
4.0,7,26.042764
11.0,20,26.069309
3.0,36,26.111974
3.0,9,26.123556
5.0,19,26.148133
3.0,23,26.177786
3.0,6,26.184757
2.0,7,26.195297
2.0,3,26.198866
9.0,30,26.235058
10.0,16,26.255105
9.0,34,26.297863
4.0,19,26.323545
2.0,11,26.337709
3.0,9,26.354226
8.0,19,26.378902
3.0,6,26.38745
11.0,36,26.431212
3.0,19,26.454246
7.0,22,27.816491
8.0,14,27.841025
7.0,10,27.855553
5.0,14,27.880101
1.0,3,27.887622
2.0,7,27.906173
3.0,15,27.939603
3.0,6,27.954123
11.0,50,28.040299
7.0,10,28.054816
8.0,24,28.08686
12.0,48,28.148572
2.0,7,28.159126
3.0,11,28.175637
2.0,7,28.185172
11.0,18,28.206357
10.0,20,28.232484
5.0,15,28.250482
10.0,22,28.280077
8.0,15,28.298106
3.0,19,28.324711
3.0,21,28.351329
3.0,7,28.359843
2.0,11,28.375405
3.0,8,28.387432
10.0,26,28.419471
4.0,10,28.435018
8.0,19,28.458668
2.0,7,28.468237
8.0,23,28.496891
4.0,13,28.513026
10.0,22,28.541685
4.0,9,28.55226
5.0,19,28.577691
8.0,18,28.601778
2.0,11,28.617364
3.0,10,28.629957
4.0,11,28.643485
9.0,14,28.661167
8.0,14,28.68026
4.0,6,28.687795
3.0,15,28.708337
3.0,22,28.736968
3.0,6,28.744979
3.0,5,28.751497
2.0,7,28.761014
3.0,9,28.772536
3.0,10,28.785053
8.0,10,28.798081
2.0,12,28.817645
9.0,15,28.836245
11.0,27,28.873336
3.0,21,28.899987
7.0,26,28.932042
3.0,10,28.947061
9.0,22,28.973178
11.0,39,29.029828
4.0,15,29.048435
3.0,11,29.06293
7.0,15,29.084884
5.0,14,29.111527
4.0,6,29.123661
7.0,10,29.138694
3.0,10,29.150204
3.0,23,29.178364
4.0,16,29.201391
7.0,14,29.219005
4.0,35,29.264775
8.0,22,29.293446
7.0,18,29.317536
3.0,11,29.333138
3.0,7,29.341715
3.0,11,29.356258
7.0,18,29.378278
8.0,19,29.403322
9.0,15,29.42186
4.0,7,29.430376
2.0,15,29.450418
11.0,36,29.494583
4.0,11,29.509091
9.0,38,29.555106
2.0,11,29.56925
2.0,11,29.583797
2.0,7,29.592368
9.0,30,29.630703
3.0,18,29.652173
3.0,11,29.666314
4.0,12,29.680532
2.0,11,29.696613
10.0,24,29.726784
1.0,7,29.736352
9.0,11,29.749962
4.0,7,29.758531
3.0,15,29.778591
4.0,9,29.789167
4.0,22,29.820195
3.0,7,29.828798
2.0,7,29.837339
3.0,11,29.853832
3.0,7,29.863377
2.0,7,29.871974
4.0,13,29.890045
8.0,31,29.927846
10.0,33,29.967956
2.0,7,29.978478
7.0,10,29.991986
3.0,10,30.00474
4.0,6,30.012252
2.0,7,30.022781
3.0,7,30.031334
4.0,10,30.043807
7.0,18,30.066554
3.0,7,30.075091
8.0,23,30.1028
5.0,13,30.122522
7.0,15,30.142552
11.0,24,30.171234
9.0,18,30.195337
4.0,11,30.208498
2.0,7,30.21807
9.0,30,30.254707
10.0,17,30.277311
3.0,7,30.286312
3.0,19,30.31058
2.0,23,30.338272
2.0,7,30.347687
7.0,10,30.361169
9.0,34,30.402238
3.0,11,30.414761
5.0,17,30.436305
10.0,43,30.491925
9.0,40,31.824691
9.0,40,31.886264
13.0,25,31.922318
5.0,13,31.942344
3.0,7,31.952635
3.0,10,31.965153
11.0,21,31.996194
8.0,14,32.020794
3.0,6,32.028307
4.0,7,32.037817
7.0,14,32.054329
7.0,14,32.073369
2.0,11,32.086383
3.0,11,32.099896
2.0,9,32.112039
3.0,4,32.116549
4.0,10,32.129162
11.0,19,32.153296
8.0,14,32.169424
4.0,11,32.182999
3.0,11,32.198097
3.0,13,32.213201
3.0,10,32.227268
8.0,14,32.244868
3.0,11,32.258903
8.0,22,32.287459
2.0,7,32.296458
8.0,11,32.311007
4.0,17,32.332043
3.0,7,32.340561
3.0,9,32.353087
2.0,9,32.364645
4.0,10,32.376782
13.0,34,32.417188
7.0,14,32.433793
8.0,10,32.446859
3.0,7,32.456401
9.0,15,32.474005
2.0,7,32.484501
3.0,5,32.491097
4.0,6,32.498673
8.0,18,32.522279
2.0,3,32.526841
2.0,7,32.534875
2.0,7,32.544417
7.0,10,32.558352
4.0,35,32.601548
9.0,11,32.615125
3.0,11,32.629281
9.0,22,32.657874
3.0,16,32.678017
5.0,18,32.701113
10.0,41,32.750554
11.0,37,32.794706
10.0,24,32.823931
3.0,11,32.837016
10.0,15,32.856574
1.0,7,32.865111
10.0,30,32.906293
3.0,9,32.920932
3.0,19,32.943551
4.0,10,32.954989
3.0,9,32.967087
4.0,8,32.977615
7.0,18,32.999756
7.0,14,33.017944
3.0,6,33.026487
4.0,11,33.04003
11.0,27,33.074604
2.0,7,33.084146
2.0,8,33.093718
10.0,93,33.210116
3.0,6,33.217628
4.0,9,33.230162
3.0,4,33.235164
3.0,4,33.240681
10.0,30,33.278761
10.0,23,33.307319
10.0,22,33.334869
4.0,8,33.344387
5.0,8,33.354905
3.0,11,33.371003
4.0,19,33.393808
10.0,38,33.44292
12.0,58,33.514145
3.0,11,33.530184
10.0,22,33.557743
1.0,3,33.56274
10.0,17,33.583395
3.0,6,33.590911
8.0,14,33.607948
9.0,18,33.630501
3.0,8,33.641018
2.0,14,33.659577
10.0,18,33.680594
4.0,11,33.695121
11.0,50,33.754987
3.0,11,33.769101
4.0,12,33.78367
3.0,15,33.801744
4.0,8,33.812815
4.0,6,33.820388
4.0,7,33.828959
8.0,18,33.853017
8.0,18,33.875109
10.0,44,33.928745
1.0,3,33.932745
9.0,24,33.96337
9.0,22,33.992026
9.0,21,34.019205
3.0,19,34.042223
7.0,10,34.054734
3.0,7,34.064284
2.0,7,34.072823
5.0,19,34.094907
10.0,21,34.120705
7.0,10,34.132275
10.0,20,34.157929
9.0,14,34.174468
2.0,7,34.183037
10.0,65,34.263821
2.0,11,34.279948
4.0,12,34.294496
4.0,11,34.308593
7.0,10,34.320709
8.0,19,34.343846
9.0,18,34.364836
11.0,82,35.653729
8.0,18,35.678257
11.0,37,35.731901
2.0,3,35.73841
3.0,11,35.751935
3.0,7,35.762442
10.0,19,35.79098
9.0,14,35.807999
2.0,7,35.818021
2.0,13,35.836552
10.0,21,35.8619
2.0,7,35.870413
8.0,14,35.887516
11.0,34,35.931304
2.0,11,35.946359
3.0,15,35.964941
7.0,14,35.982876
8.0,14,35.999998
10.0,34,36.040713
8.0,15,36.058865
2.0,7,36.06939
3.0,7,36.07894
4.0,23,36.10641
8.0,29,36.141484
5.0,16,36.161538
4.0,15,36.179655
4.0,8,36.190172
4.0,7,36.199721
10.0,13,36.21486
10.0,16,36.234946
3.0,11,36.249062
3.0,15,36.269098
3.0,4,36.274098
2.0,3,36.27862
10.0,32,36.320218
8.0,18,36.343336
3.0,7,36.35188
7.0,10,36.366944
3.0,6,36.37497
3.0,8,36.384541
3.0,4,36.390105
4.0,6,36.397587
3.0,9,36.409189
7.0,23,36.436414
2.0,7,36.446931
9.0,34,36.487619
4.0,10,36.500226
2.0,7,36.508773
7.0,18,36.533137
10.0,38,36.578908
2.0,7,36.588482
4.0,6,36.596482
3.0,5,36.603055
8.0,18,36.627527
7.0,10,36.640094
11.0,20,36.666692
9.0,18,36.688815
7.0,10,36.702356
2.0,7,36.711432
10.0,12,36.726553
10.0,30,36.763244
2.0,22,36.791889
10.0,40,36.840942
4.0,6,36.848529
3.0,8,36.859584
8.0,19,36.8827
9.0,26,36.91644
5.0,11,36.930049
8.0,10,36.94357
7.0,10,36.960286
4.0,16,36.980321
9.0,20,37.006356
3.0,15,37.0266
8.0,14,37.044636
5.0,16,37.06567
10.0,62,37.142434
3.0,4,37.14992
3.0,15,37.170088
8.0,22,37.198696
4.0,10,37.210268
4.0,27,37.243489
3.0,7,37.253067
2.0,11,37.267112
10.0,14,37.285726
8.0,14,37.304652
11.0,41,37.356524
2.0,7,37.366612
8.0,19,37.389699
8.0,14,37.410739
9.0,16,37.431288
3.0,11,37.44729
4.0,7,37.456801
10.0,63,37.535667
11.0,26,37.569428
8.0,15,37.587566
3.0,9,37.599175
3.0,7,37.609715
10.0,15,37.628405
2.0,13,37.644971
5.0,21,37.670481
8.0,26,37.703136
8.0,11,37.716783
12.0,30,37.755422
4.0,9,37.766532
4.0,7,37.775539
9.0,18,37.797881
12.0,26,37.831147
10.0,17,37.853185
3.0,7,37.863703
10.0,40,37.915773
2.0,12,37.931802
3.0,7,37.941322
3.0,11,37.954834
3.0,8,37.966349
2.0,7,37.974864
7.0,14,37.993928
4.0,8,38.004508
7.0,14,38.022053
10.0,22,38.054695
2.0,8,38.065177
8.0,14,38.084208
3.0,6,38.091725
10.0,18,38.115268
11.0,19,38.139819
2.0,11,38.156842
3.0,7,38.164852
2.0,7,38.175368
2.0,19,38.199629
3.0,12,38.216654
8.0,18,38.239201
7.0,10,38.251715
9.0,15,39.566342
10.0,54,39.641446
4.0,7,39.650956
11.0,18,39.673976
3.0,11,39.689004
10.0,45,39.747583
10.0,26,39.78202
3.0,5,39.788533
7.0,10,39.80014
7.0,38,39.849332
3.0,19,39.876772
3.0,13,39.894303
9.0,24,39.931472
10.0,14,39.950505
12.0,21,39.975654
8.0,18,39.998365
4.0,13,40.01514
4.0,7,40.024653
11.0,18,40.050227
8.0,14,40.075228
9.0,18,40.100805
7.0,14,40.124374
3.0,10,40.136452
4.0,36,40.184192
10.0,76,40.282424
4.0,11,40.296494
2.0,7,40.304531
2.0,7,40.315044
1.0,8,40.326631
8.0,18,40.348315
7.0,22,40.376369
4.0,6,40.383936
11.0,14,40.401057
8.0,10,40.413597
11.0,46,40.469019
2.0,11,40.482536
4.0,5,40.489056
4.0,8,40.499572
5.0,13,40.515602
11.0,32,40.554174
8.0,27,40.591246
9.0,14,40.609198
8.0,10,40.621726
10.0,35,40.664312
7.0,18,40.685343
10.0,48,40.744971
3.0,15,40.764005
2.0,7,40.772522
4.0,8,40.784051
9.0,16,40.804082
3.0,6,40.811599
10.0,32,40.849265
3.0,9,40.861815
3.0,5,40.869353
9.0,18,40.891015
7.0,10,40.90456
3.0,7,40.914075
9.0,18,40.936301
7.0,10,40.949861
7.0,10,40.963394
9.0,14,40.980518
7.0,10,40.992924
9.0,22,41.020894
3.0,13,41.038932
9.0,18,41.061078
9.0,15,41.081788
3.0,10,41.095299
11.0,19,41.120354
3.0,11,41.134898
2.0,7,41.144406
6.0,23,41.173411
7.0,14,41.192454
10.0,30,41.227191
3.0,14,41.249343
10.0,53,41.314466
11.0,36,41.362765
8.0,14,41.379723
7.0,10,41.39224
9.0,18,41.414279
8.0,22,41.442418
3.0,22,41.468174
2.0,7,41.476711
8.0,18,41.498743
9.0,14,41.514316
7.0,10,41.528563
10.0,14,41.546706
9.0,13,41.562822
9.0,14,41.582845
3.0,8,41.592383
3.0,6,41.599954
7.0,10,41.613475
8.0,10,41.625553
7.0,27,41.658574
2.0,7,41.666605
5.0,13,41.683665
13.0,80,41.783399
2.0,7,41.791946
3.0,11,41.804487
9.0,11,41.818542
4.0,12,41.833106
10.0,18,41.855247
7.0,14,41.872373
10.0,24,41.902664
8.0,22,41.932291
4.0,11,41.946357
10.0,22,41.973405
7.0,30,42.010602
8.0,14,42.029182
8.0,14,42.046718
3.0,7,42.055287
4.0,11,42.06937
2.0,7,42.078949
4.0,12,42.093482
8.0,19,42.116591
7.0,10,42.130195
3.0,16,42.15026
9.0,17,42.170378
4.0,12,42.184915
8.0,14,43.425001
9.0,18,43.452529
11.0,15,43.47169
9.0,18,43.497418
3.0,4,43.503413
2.0,7,43.511929
4.0,15,43.533965
4.0,8,43.545476
11.0,24,43.577752
8.0,14,43.599366
7.0,10,43.612948
5.0,13,43.629022
7.0,10,43.64056
7.0,10,43.653103
4.0,10,43.667693
8.0,22,43.693521
3.0,5,43.701609
4.0,9,43.71315
3.0,19,43.735232
11.0,15,43.755356
7.0,14,43.77157
3.0,6,43.779111
7.0,14,43.796623
10.0,18,43.817775
9.0,18,43.839694
10.0,14,43.856432
4.0,7,43.867661
11.0,23,43.895771
7.0,14,43.913461
7.0,14,43.930516
2.0,3,43.93451
8.0,18,43.956603
9.0,14,43.974507
4.0,7,43.983557
3.0,15,44.003647
9.0,19,44.042216
2.0,7,44.052734
2.0,7,44.06125
10.0,19,44.085286
3.0,27,44.117854
4.0,11,44.131377
8.0,14,44.147404
9.0,14,44.166434
9.0,18,44.187473
8.0,14,44.206533
1.0,15,44.224673
10.0,12,44.240725
4.0,9,44.252295
9.0,13,44.268999
8.0,14,44.285306
4.0,10,44.297718
2.0,7,44.306719
13.0,50,44.36777
10.0,14,44.384372
3.0,8,44.394542
7.0,10,44.406653
9.0,15,44.424862
2.0,7,44.434434
11.0,14,44.45174
9.0,15,44.469445
3.0,11,44.48357
2.0,8,44.494731
3.0,11,44.507768
11.0,45,44.562676
8.0,14,44.58173
1.0,3,44.585731
4.0,8,44.596741
8.0,10,44.609314
2.0,3,44.613318
3.0,13,44.628694
13.0,22,44.655314
4.0,13,44.671816
7.0,14,44.688589
7.0,10,44.702832
7.0,10,44.7154
7.0,14,44.73267
8.0,10,44.751262
3.0,7,44.759808
4.0,15,44.77754
3.0,5,44.784582
13.0,39,44.830742
10.0,14,44.847389
8.0,14,44.865649
10.0,16,44.884809
8.0,10,44.896345
3.0,15,44.916682
10.0,22,44.943443
9.0,30,44.981681
3.0,8,44.992197
7.0,14,45.009231
9.0,17,45.030798
10.0,79,45.127482
4.0,7,45.135483
4.0,12,45.150516
9.0,13,45.166433
10.0,16,45.185797
11.0,52,45.252694
3.0,5,45.258737
7.0,10,45.271245
10.0,27,45.306403
3.0,11,45.320372
10.0,32,45.359722
9.0,14,45.376406
10.0,49,45.438437
3.0,7,45.447726
9.0,18,45.470407
2.0,7,45.479704
2.0,7,45.488862
3.0,5,45.49489
9.0,26,45.526423
10.0,37,45.572836
11.0,19,45.595781
2.0,7,45.605055
10.0,14,45.622362
3.0,5,45.628898
10.0,22,45.655534
7.0,14,45.673027
8.0,14,45.689806
2.0,11,45.704896
2.0,7,45.713468
10.0,16,45.732805
10.0,49,45.79284
3.0,6,45.800413
10.0,106,45.927993
7.0,10,45.941515
7.0,10,45.956432
8.0,10,45.968855
8.0,10,45.981401
9.0,20,46.004436
10.0,19,47.337102
5.0,12,47.356614
9.0,18,47.381061
4.0,8,47.391573
13.0,30,47.431586
10.0,23,47.462111
11.0,53,47.53974
8.0,10,47.552256
3.0,5,47.557775
9.0,11,47.573243
11.0,93,47.690185
2.0,7,47.698729
7.0,10,47.711209
10.0,15,47.729819
4.0,15,47.748852
3.0,6,47.75636
8.0,22,47.785401
11.0,29,47.819966
8.0,18,47.842007
2.0,9,47.852525
4.0,10,47.865042
3.0,4,47.871558
9.0,19,47.894593
7.0,18,47.917142
10.0,15,47.935181
9.0,18,47.957728
3.0,4,47.963733
9.0,14,47.980772
9.0,15,48.000807
7.0,14,48.017941
7.0,10,48.033539
7.0,14,48.050552
7.0,54,48.117029
11.0,26,48.149289
3.0,15,48.167408
8.0,14,48.184009
14.0,196,48.414926
3.0,10,48.427179
10.0,17,48.447318
4.0,18,48.46949
7.0,18,48.490607
2.0,19,48.515725
3.0,6,48.522868
7.0,10,48.536902
10.0,20,48.560071
3.0,8,48.56963
7.0,10,48.584207
4.0,12,48.599353
9.0,45,48.653768
10.0,82,48.753052
4.0,6,48.760622
8.0,14,48.777734
10.0,49,48.836828
3.0,6,48.844395
8.0,10,48.856501
12.0,23,48.88714
7.0,10,48.899658
2.0,11,48.915177
3.0,9,48.9252
9.0,15,48.944235
2.0,7,48.954753
7.0,10,48.966776
9.0,15,48.985301
8.0,10,48.998335
3.0,5,49.005334
3.0,23,49.032402
7.0,10,49.044918
3.0,5,49.051436
10.0,28,49.086543
12.0,23,49.115223
3.0,4,49.122309
10.0,42,49.174159
3.0,7,49.182733
4.0,8,49.193302
9.0,11,49.207421
3.0,14,49.224574
2.0,3,49.229142
3.0,9,49.239691
8.0,10,49.252261
10.0,65,49.330048
2.0,7,49.339656
11.0,12,49.35417
10.0,27,49.391418
11.0,89,49.497241
7.0,10,49.509844
3.0,4,49.514844
8.0,18,49.537098
2.0,11,49.550702
12.0,20,49.574835
7.0,10,49.588967
4.0,11,49.602457
3.0,9,49.613972
4.0,10,49.628531
11.0,17,49.648564
3.0,4,49.654564
4.0,8,49.66508
3.0,19,49.688659
2.0,9,49.699204
4.0,18,49.720378
11.0,25,49.752421
11.0,27,49.784167
10.0,106,51.110491
13.0,26,51.14555
3.0,8,51.157601
10.0,14,51.178683
13.0,28,51.224242
10.0,25,51.262341
7.0,10,51.274883
4.0,11,51.287991
8.0,14,51.306592
8.0,18,51.327843
4.0,12,51.343425
3.0,4,51.348979
10.0,24,51.379654
9.0,11,51.394161
3.0,9,51.405756
7.0,18,51.429031
8.0,18,51.452181
2.0,11,51.465779
3.0,9,51.476351
9.0,10,51.488468
11.0,32,51.528214
9.0,11,51.541784
7.0,10,51.554374
10.0,26,51.585056
7.0,14,51.602195
2.0,7,51.610762
8.0,18,51.6369
8.0,10,51.649504
12.0,20,51.673649
3.0,5,51.680225
2.0,7,51.688793
9.0,14,51.70679
8.0,10,51.719316
10.0,13,51.735347
9.0,12,51.751381
11.0,31,51.787447
3.0,6,51.795447
7.0,10,51.807482
5.0,25,51.838534
11.0,52,51.901644
3.0,8,51.91216
11.0,24,51.940222
3.0,5,51.946731
7.0,10,51.961335
13.0,17,51.982467
10.0,24,52.013182
2.0,3,52.017758
10.0,15,52.036388
9.0,15,52.054996
9.0,13,52.072107
9.0,14,52.095826
11.0,19,52.119378
9.0,11,52.135605
10.0,11,52.148741
3.0,11,52.163282
10.0,20,52.189969
10.0,27,52.223584
3.0,5,52.230773
10.0,41,52.279571
2.0,7,52.288115
3.0,11,52.30471
4.0,12,52.319852
3.0,8,52.330011
7.0,10,52.343611
10.0,16,52.36276
3.0,11,52.376865
13.0,26,52.408507
9.0,24,52.438819
9.0,26,52.469888
10.0,29,52.505608
9.0,10,52.518693
8.0,18,52.540372
2.0,7,52.549911
11.0,114,52.685357
3.0,8,52.694929
7.0,10,52.709037
7.0,14,52.726764
8.0,14,52.74337
12.0,38,52.789201
3.0,11,52.802804
3.0,8,52.813373
10.0,36,52.858202
7.0,10,52.870775
3.0,9,52.884303
7.0,10,52.897332
10.0,73,52.985397
10.0,14,53.005542
9.0,14,53.021684
3.0,10,53.034257
11.0,28,53.06955
11.0,36,53.114821
10.0,37,53.159653
3.0,5,53.168223
10.0,27,53.205803
2.0,3,53.210921
12.0,32,53.251096
4.0,23,53.278781
9.0,10,53.291318
9.0,15,53.309494
9.0,17,53.333174
11.0,148,53.511638
3.0,7,53.520207
8.0,10,53.53337
3.0,9,53.546401
3.0,7,53.555411
10.0,19,53.578961
2.0,7,53.588532
9.0,13,53.605134
8.0,10,53.618084
9.0,16,53.63924
11.0,25,53.669947
2.0,7,54.875014
11.0,17,54.904557
3.0,6,54.917586
9.0,30,54.960138
10.0,18,54.987666
8.0,10,55.005178
7.0,10,55.021196
10.0,26,55.061744
3.0,5,55.06825
9.0,10,55.081764
7.0,18,55.107294
7.0,14,55.128325
7.0,10,55.14291
8.0,14,55.160547
3.0,8,55.176582
2.0,11,55.192831
10.0,43,55.247417
11.0,83,55.350381
2.0,3,55.354381
7.0,10,55.367391
4.0,9,55.379908
3.0,7,55.389425
3.0,9,55.401566
7.0,10,55.415673
8.0,10,55.428341
9.0,11,55.443898
12.0,17,55.468257
12.0,21,55.494923
7.0,10,55.508941
3.0,7,55.518452
2.0,11,55.533484
7.0,10,55.549566
11.0,74,55.662705
8.0,10,55.675219
2.0,7,55.683736
8.0,10,55.696759
11.0,456,56.291661
9.0,11,56.306666
11.0,37,56.354663
3.0,7,56.363181
10.0,13,56.380213
10.0,68,56.463813
8.0,10,56.475405
7.0,22,56.503114
8.0,10,56.518261
8.0,10,56.529822
11.0,38,56.577818
2.0,7,56.58735
3.0,14,56.604915
11.0,74,56.696845
9.0,14,56.716457
4.0,43,56.773297
14.0,25,56.805006
2.0,7,56.814578
3.0,5,56.821149
3.0,4,56.826682
8.0,18,56.8514
7.0,14,56.86854
3.0,6,56.877078
10.0,19,56.900218
3.0,4,56.905249
2.0,3,56.909833
10.0,36,56.953656
13.0,75,57.045366
7.0,10,57.058506
11.0,24,57.087198
10.0,111,57.221164
9.0,13,57.236845
9.0,11,57.250421
9.0,14,57.267528
7.0,14,57.285133
3.0,4,57.290679
3.0,4,57.296705
3.0,7,57.305271
9.0,12,57.320416
3.0,4,57.325415
3.0,5,57.332476
7.0,10,57.345069
7.0,10,57.357175
3.0,6,57.365207
3.0,6,57.373781
9.0,11,57.387888
10.0,30,57.423594
11.0,34,57.466465
2.0,7,57.475031
7.0,10,57.488092
9.0,17,57.511129
9.0,10,57.522648
11.0,29,57.55836
12.0,18,58.805818
4.0,16,58.830429
11.0,27,58.869102
9.0,13,58.891193
8.0,10,58.905706
10.0,40,58.965014
11.0,28,58.999047
8.0,10,59.012552
9.0,18,59.035165
3.0,7,59.044731
8.0,14,59.062844
10.0,86,59.166502
2.0,3,59.171511
9.0,10,59.18656
11.0,28,59.222217
11.0,43,59.273315
11.0,55,59.340578
5.0,15,59.358681
9.0,11,59.372229
3.0,5,59.378795
9.0,11,59.394365
9.0,10,59.40751
7.0,10,59.419082
11.0,25,59.449361
10.0,18,59.473419
11.0,44,59.529551
10.0,25,59.55983
11.0,25,59.59058
10.0,32,59.627808
9.0,13,59.645844
2.0,3,59.649408
11.0,30,59.688606
8.0,22,59.71649
10.0,18,59.737773
3.0,10,59.750313
3.0,9,59.761914
7.0,10,59.774454
9.0,13,59.7905
7.0,10,59.804101
10.0,14,59.822239
9.0,11,59.837845
9.0,15,59.855418
10.0,103,59.980234
11.0,46,60.034431
2.0,11,60.049559
9.0,10,60.063107
2.0,9,60.074668
9.0,15,60.092815
2.0,3,60.09735
8.0,10,60.109924
10.0,21,60.138213
11.0,74,60.230332
7.0,10,60.242487
8.0,10,60.255053
8.0,14,60.273107
3.0,5,60.27968
9.0,12,60.295284
3.0,5,60.302854
3.0,4,60.307397
8.0,10,60.319966
3.0,6,60.327567
7.0,10,60.340694
10.0,17,60.36186
10.0,53,60.426816
2.0,6,60.433853
7.0,10,60.446581
7.0,10,60.458182
10.0,36,60.505045
8.0,10,60.518165
12.0,65,60.596609
10.0,100,60.714679
9.0,15,60.732816
9.0,22,60.779007
9.0,14,60.800633
10.0,33,60.839887
3.0,4,60.844915
8.0,16,60.864057
9.0,11,60.878198
11.0,19,60.902035
3.0,4,60.907628
9.0,13,60.923163
10.0,18,60.94587
10.0,17,60.966448
8.0,14,60.986488
7.0,14,61.004002
4.0,6,61.011513
11.0,33,61.052172
4.0,7,61.060709
3.0,11,61.07427
8.0,14,61.091379
7.0,10,61.104987
8.0,10,61.117103
11.0,27,61.149473
8.0,22,61.181081
7.0,10,61.193599
7.0,10,61.205114
8.0,10,61.219154
8.0,10,61.231672
7.0,10,61.244753
7.0,10,61.256774
12.0,19,61.27982
9.0,13,61.296848
10.0,59,61.369465
8.0,14,61.38749
9.0,11,62.723741
9.0,11,62.738757
9.0,10,62.755279
10.0,25,62.791317
8.0,10,62.808334
10.0,23,62.836859
7.0,14,62.857947
11.0,48,62.918301
12.0,33,62.958455
10.0,46,63.014284
9.0,17,63.035425
7.0,10,63.047445
8.0,10,63.062046
4.0,12,63.076623
2.0,7,63.085193
12.0,41,63.136705
8.0,18,63.158415
8.0,14,63.174956
8.0,10,63.192051
7.0,10,63.204619
11.0,32,63.243496
8.0,14,63.264423
8.0,10,63.277444
7.0,10,63.289962
8.0,10,63.304568
13.0,42,63.354842
10.0,13,63.369992
4.0,9,63.384429
9.0,14,63.401588
9.0,15,63.419721
7.0,10,63.434295
8.0,14,63.450974
12.0,24,63.481557
9.0,19,63.50459
12.0,31,63.542222
4.0,10,63.555741
9.0,14,63.572773
8.0,14,63.589807
7.0,10,63.603403
4.0,31,63.641167
8.0,10,63.653703
10.0,12,63.667849
8.0,22,63.696523
12.0,39,63.745385
11.0,25,63.775022
8.0,10,63.788165
8.0,10,63.803701
7.0,10,63.816748
7.0,10,63.828271
11.0,23,63.858379
3.0,8,63.867896
10.0,18,63.891935
8.0,26,63.922487
12.0,16,63.943126
10.0,36,63.986927
9.0,18,64.010102
7.0,10,64.022673
10.0,17,64.043496
10.0,46,64.099834
10.0,100,64.220776
2.0,3,64.225805
10.0,19,64.248135
9.0,14,64.267179
7.0,10,64.279797
9.0,13,64.295365
8.0,18,64.324049
2.0,7,64.332618
9.0,15,64.352294
11.0,39,64.400152
7.0,10,64.412723
8.0,14,64.42984
11.0,13,64.44594
8.0,10,64.459107
8.0,10,64.473268
10.0,29,64.50855
11.0,18,64.532631
11.0,44,64.586542
2.0,3,64.591549
10.0,37,64.638367
8.0,12,64.653507
9.0,15,64.672613
10.0,12,64.687749
12.0,51,64.753765
12.0,31,64.791028
4.0,6,64.798597
7.0,10,64.813166
10.0,20,64.836842
8.0,10,64.849987
10.0,30,64.887174
10.0,18,64.909304
10.0,13,64.926854
9.0,18,64.948096
7.0,10,64.960577
8.0,14,64.978407
9.0,10,64.99093
9.0,11,65.004446
7.0,10,65.018564
8.0,14,65.035722
8.0,10,65.048139
8.0,14,65.06722
3.0,11,65.080794
8.0,14,65.098919
10.0,14,65.117032
9.0,11,65.130611
10.0,14,65.149166
4.0,8,65.15875
12.0,28,65.195339
10.0,28,65.230595
2.0,7,65.239197
3.0,8,65.248881
10.0,15,65.267931
7.0,10,65.280536
2.0,12,65.295094
3.0,4,65.300639
9.0,10,66.608842
3.0,4,66.618415
10.0,14,66.640403
7.0,10,66.654423
3.0,5,66.662936
7.0,10,66.677957
10.0,11,66.695539
4.0,19,66.720537
3.0,14,66.752598
9.0,13,66.785155
3.0,11,66.808333
10.0,14,66.832362
3.0,5,66.845392
10.0,14,66.867928
2.0,7,66.877438
13.0,24,66.913828
10.0,17,66.940365
3.0,5,66.946878
9.0,14,66.966771
3.0,8,66.979801
10.0,16,67.001827
11.0,23,67.033007
7.0,10,67.048584
11.0,22,67.081704
9.0,13,67.100848
11.0,20,67.125004
5.0,12,67.140057
3.0,5,67.148735
9.0,11,67.163242
3.0,14,67.18135
7.0,14,67.200974
10.0,58,67.275862
11.0,42,67.327259
3.0,5,67.333287
8.0,10,67.346848
2.0,7,67.355852
10.0,14,67.372993
8.0,14,67.391053
2.0,7,67.400569
11.0,23,67.430191
11.0,51,67.49188
2.0,7,67.500476
3.0,4,67.506476
2.0,3,67.510048
11.0,17,67.532145
7.0,10,67.545297
12.0,53,67.610251
12.0,15,67.629371
10.0,89,67.739084
8.0,10,67.751068
9.0,10,67.763627
11.0,20,67.787784
11.0,36,67.833058
10.0,50,67.893451
8.0,10,67.905969
11.0,37,67.95107
9.0,10,67.963616
9.0,10,67.977723
7.0,14,67.995263
9.0,14,68.012914
3.0,7,68.022507
10.0,15,68.040591
2.0,7,68.049249
8.0,15,68.068395
2.0,3,68.072397
8.0,22,68.099606
10.0,21,68.12575
8.0,10,68.139877
13.0,84,68.249667
9.0,14,68.267694
10.0,15,68.28677
3.0,11,68.301288
8.0,10,68.315895
11.0,89,68.427817
11.0,33,68.46864
10.0,35,68.51686
9.0,22,68.543839
9.0,13,68.560872
11.0,24,68.590508
10.0,15,68.609643
9.0,15,68.627784
11.0,136,68.790354
3.0,5,68.796892
3.0,5,68.803904
12.0,28,68.836749
10.0,70,68.921768
8.0,10,68.934342
10.0,29,68.969089
2.0,7,68.979628
11.0,17,68.999762
7.0,10,69.012305
4.0,12,69.02845
4.0,5,69.03542
12.0,23,69.063705
10.0,37,69.106976
11.0,47,69.163959
12.0,16,69.184092
11.0,19,69.207741
8.0,10,69.220348
10.0,156,70.746893
10.0,19,70.781946
11.0,27,70.828457
7.0,10,70.851998
4.0,8,70.868038
8.0,14,70.887051
2.0,7,70.897572
8.0,10,70.910094
7.0,26,70.942646
9.0,13,70.959163
10.0,122,71.106703
7.0,14,71.12376
7.0,10,71.135276
7.0,14,71.154875
9.0,17,71.175021
10.0,22,71.202597
10.0,37,71.247547
12.0,29,71.284714
7.0,10,71.296819
9.0,11,71.311424
2.0,7,71.320967
10.0,106,71.44985
7.0,10,71.462367
3.0,5,71.468884
8.0,18,71.491917
3.0,7,71.501434
7.0,10,71.513955
10.0,64,71.594913
14.0,62,71.671005
8.0,10,71.683522
11.0,22,71.711075
7.0,14,71.729113
10.0,23,71.759165
2.0,5,71.766674
10.0,11,71.780203
2.0,7,71.788714
7.0,10,71.801236
10.0,13,71.818264
9.0,14,71.834787
7.0,10,71.848336
2.0,3,71.852342
10.0,21,71.877885
8.0,10,71.890407
4.0,6,71.899931
10.0,15,71.917958
7.0,10,71.93048
7.0,10,71.944003
12.0,68,72.025466
11.0,27,72.059297
12.0,100,72.178904
9.0,10,72.193441
12.0,132,72.350768
10.0,42,72.409063
12.0,46,72.463494
9.0,10,72.477011
9.0,11,72.490045
11.0,37,72.535763
10.0,62,72.612994
10.0,98,72.731315
9.0,13,72.747042
10.0,20,72.773195
11.0,200,73.012998
1.0,3,73.017564
10.0,20,73.0416
10.0,22,73.069155
10.0,13,73.085672
10.0,14,73.102704
9.0,10,73.115221
11.0,19,73.137935
10.0,32,73.177695
10.0,25,74.637955
10.0,21,74.664814
9.0,11,74.678831
10.0,41,74.737896
10.0,13,74.757921
11.0,125,74.91161
10.0,20,74.935672
7.0,10,74.948803
10.0,69,75.030888
7.0,10,75.043399
10.0,84,75.141654
9.0,11,75.157336
7.0,10,75.168943
9.0,16,75.191033
11.0,21,75.215992
11.0,21,75.242653
7.0,10,75.254797
9.0,10,75.266868
11.0,89,75.373021
8.0,14,75.390163
10.0,38,75.435426
7.0,10,75.448431
9.0,12,75.462504
9.0,11,75.477623
10.0,21,75.502496
10.0,104,75.627892
10.0,15,75.647345
7.0,10,75.659089
7.0,10,75.671665
7.0,10,75.68521
10.0,32,75.722476
2.0,3,75.727992
10.0,50,75.785337
10.0,51,75.847271
9.0,13,75.86694
11.0,34,75.91022
11.0,13,75.925794
8.0,10,75.937936
9.0,10,75.951033
3.0,7,75.959607
7.0,14,75.977723
12.0,65,76.055387
2.0,7,76.065896
10.0,29,76.100209
7.0,10,76.113747
3.0,15,76.131892
9.0,13,76.149004
7.0,10,76.162119
10.0,13,76.179255
9.0,11,76.194807
9.0,15,76.213421
9.0,10,76.228456
11.0,49,76.288077
10.0,17,76.30811
10.0,15,76.327141
11.0,30,76.363214
10.0,13,76.379312
14.0,120,76.522628
9.0,11,76.537663
10.0,19,76.561209
3.0,7,76.569728
10.0,26,76.601277
8.0,10,76.615824
9.0,12,76.630876
7.0,10,76.643419
11.0,70,76.730088
7.0,10,76.741667
9.0,11,76.755821
10.0,80,76.851991
8.0,14,76.870686
7.0,10,76.883235
11.0,56,76.949881
10.0,23,76.980047
10.0,78,77.075176
2.0,3,77.078742
11.0,13,77.095312
2.0,3,77.099879
3.0,11,77.114401
10.0,28,77.14966
7.0,10,78.386837
9.0,14,78.406912
11.0,21,78.43401
10.0,14,78.455136
11.0,14,78.477661
11.0,49,78.549935
10.0,131,78.71099
11.0,182,78.926626
11.0,77,79.019301
12.0,244,79.30902
9.0,11,79.325512
11.0,67,79.405432
11.0,87,79.51004
3.0,6,79.517578
9.0,11,79.534098
10.0,60,79.604608
10.0,90,79.716999
7.0,10,79.728025
9.0,13,79.745555
2.0,7,79.754674
10.0,74,79.845298
11.0,174,80.059297
10.0,13,80.075841
9.0,11,80.088989
10.0,187,80.310313
11.0,131,80.465606
9.0,11,80.479467
7.0,10,80.492981
11.0,170,80.697402
10.0,13,80.71298
9.0,11,80.727113
2.0,3,80.731149
10.0,223,82.248594
3.0,7,82.257615
9.0,10,82.27313
11.0,133,82.436905
7.0,10,82.449362
9.0,12,82.463467
10.0,15,82.481604
11.0,18,82.505632
9.0,10,82.518718
10.0,197,82.76017
7.0,14,82.778232
10.0,103,82.904135
9.0,10,82.917798
10.0,14,82.935373
11.0,84,83.057931
12.0,65,83.141868
10.0,44,83.201183
10.0,177,83.413867
10.0,11,83.429006
7.0,10,83.441525
11.0,188,83.672778
7.0,10,83.686886
7.0,10,83.704418
3.0,7,83.718502
11.0,39,83.769205
9.0,11,83.783726
9.0,12,83.798758
10.0,17,83.823687
11.0,32,83.862027
10.0,141,84.038836
11.0,25,84.069548
2.0,3,84.074518
2.0,3,84.079028
12.0,28,84.113334
3.0,4,84.118817
7.0,10,84.131422
11.0,40,84.179804
8.0,10,84.19238
10.0,12,84.208476
8.0,10,84.22105
10.0,15,84.241162
10.0,48,84.300018
10.0,22,84.327052
3.0,4,84.332596
3.0,5,84.339168
9.0,11,84.352293
2.0,3,84.358303
7.0,10,84.370873
9.0,11,84.384415
10.0,42,84.435252
11.0,239,85.950918
12.0,101,86.096648
11.0,232,86.380541
10.0,166,86.580004
7.0,10,86.592573
2.0,3,86.597109
11.0,52,86.660848
10.0,65,86.740237
7.0,10,86.752776
10.0,135,86.915131
7.0,10,86.927158
8.0,10,86.939682
9.0,10,86.953204
7.0,10,86.965241
2.0,3,86.97076
11.0,219,87.234384
9.0,10,87.24743
11.0,103,87.370933
9.0,13,87.387046
10.0,205,87.627465
11.0,276,87.959044
10.0,188,88.177659
10.0,125,88.325644
10.0,254,89.845091
10.0,164,90.044121
11.0,358,90.47743
3.0,12,90.493008
11.0,500,91.086041
10.0,237,91.367997
12.0,61,91.441916
10.0,492,92.025362
11.0,408,93.719134
2.0,3,93.723133
9.0,11,93.737763
10.0,164,93.94
10.0,13,93.957813
9.0,11,93.974859
9.0,10,93.989405
10.0,100,94.115571
9.0,10,94.130255
9.0,10,94.144782
9.0,11,94.15989
11.0,78,94.251368
11.0,500,94.857774
10.0,318,95.231894
