#{"t_start": 1743754295.1452782, "env_id": "sneaky_enemies"}
r,l,t
3.0,13,0.026032
1.0,6,0.035542
2.0,3,0.040052
8.0,39,0.100134
5.0,20,0.12924
2.0,35,0.177813
3.0,31,0.218743
2.0,30,0.255292
1.0,3,0.259811
4.0,27,0.29236
4.0,11,0.306874
4.0,49,0.369147
3.0,11,0.38466
3.0,21,0.414769
2.0,3,0.42014
4.0,31,0.461058
3.0,42,0.514555
1.0,9,0.526089
2.0,11,0.540738
1.0,6,0.549253
3.0,23,0.581804
3.0,19,0.612108
1.0,2,0.615106
2.0,12,0.635691
2.0,11,0.65033
4.0,14,0.667933
4.0,17,0.692138
1.0,8,0.705655
4.0,8,0.7172
2.0,17,0.737911
1.0,19,0.764787
4.0,7,0.774954
4.0,19,0.799927
1.0,3,0.804926
2.0,3,0.809091
1.0,3,0.813119
4.0,35,0.857134
2.0,3,0.861309
3.0,18,0.884034
5.0,30,0.936924
3.0,10,0.95223
1.0,4,0.958229
4.0,15,0.977959
6.0,19,1.002782
2.0,7,1.013105
1.0,6,1.021186
5.0,31,1.062981
2.0,11,1.077085
1.0,11,1.092107
4.0,17,1.114638
1.0,11,1.128173
5.0,27,1.163191
3.0,23,1.191102
3.0,19,1.215228
3.0,19,1.237929
3.0,11,1.254145
4.0,39,1.302361
2.0,5,1.308934
3.0,19,1.333042
2.0,15,1.352167
2.0,23,1.383696
1.0,5,1.391204
4.0,7,1.399775
3.0,11,1.414338
1.0,3,1.418498
1.0,3,1.422503
3.0,7,1.432068
3.0,11,1.445654
4.0,28,1.481117
4.0,26,1.514031
3.0,9,1.526578
1.0,2,1.529151
3.0,43,1.584092
6.0,35,1.628013
2.0,7,1.63717
4.0,30,1.674227
4.0,15,1.692958
2.0,19,1.716351
1.0,4,1.722254
2.0,11,1.735824
1.0,7,1.745955
4.0,13,1.76199
1.0,5,1.768501
1.0,7,1.776505
3.0,7,1.786023
2.0,3,1.790542
3.0,11,1.805057
2.0,19,1.828115
6.0,35,1.870195
3.0,10,1.882709
3.0,18,1.904743
2.0,13,1.921348
3.0,15,1.939382
4.0,40,1.991067
8.0,16,2.012208
1.0,2,2.015209
2.0,19,2.038382
4.0,12,2.053905
1.0,7,2.062423
3.0,19,2.086455
2.0,15,2.104489
1.0,3,2.109007
2.0,3,2.113007
3.0,15,2.132054
3.0,45,2.185637
2.0,7,2.195155
2.0,23,2.222225
1.0,3,2.227224
3.0,11,2.240258
1.0,14,2.258284
4.0,9,2.26981
2.0,16,2.289948
1.0,7,2.298525
4.0,30,2.335271
2.0,7,2.344836
1.0,3,2.348986
1.0,3,2.353991
3.0,27,2.387969
1.0,3,2.392129
6.0,47,2.449268
3.0,31,2.487153
4.0,19,2.510033
2.0,7,2.519226
1.0,5,2.526767
1.0,3,2.530899
5.0,25,2.561808
1.0,5,2.568986
4.0,20,2.593287
1.0,3,2.597826
3.0,23,2.626705
7.0,35,2.672163
1.0,3,2.676166
1.0,19,3.830838
2.0,20,3.858493
4.0,33,3.904434
2.0,7,3.91595
4.0,14,3.942028
3.0,39,4.007126
2.0,7,4.020155
4.0,39,4.070239
8.0,19,4.093273
2.0,11,4.107789
4.0,27,4.141919
4.0,25,4.175196
3.0,11,4.188884
3.0,7,4.19837
4.0,12,4.214891
3.0,19,4.23797
6.0,31,4.284043
5.0,15,4.308416
5.0,43,4.374477
4.0,27,4.411575
7.0,19,4.435338
1.0,3,4.440883
2.0,14,4.459196
3.0,7,4.467726
2.0,7,4.476762
2.0,15,4.496077
1.0,2,4.499227
3.0,15,4.517796
2.0,11,4.532032
5.0,31,4.570849
3.0,27,4.604887
3.0,11,4.617928
2.0,11,4.632959
5.0,30,4.668989
4.0,25,4.698869
2.0,15,4.717968
2.0,11,4.731093
3.0,10,4.744253
2.0,7,4.752796
1.0,7,4.761368
1.0,7,4.770939
1.0,3,4.774967
3.0,31,4.813099
3.0,11,4.826733
4.0,19,4.851323
4.0,15,4.869349
3.0,15,4.889498
3.0,75,4.982112
7.0,35,5.025742
3.0,11,5.04124
2.0,15,5.05932
5.0,33,5.098769
2.0,7,5.108248
4.0,11,5.121848
3.0,23,5.150327
4.0,15,5.169503
5.0,27,5.202765
6.0,28,5.237197
3.0,23,5.266485
6.0,16,5.287189
2.0,11,5.301218
5.0,22,5.328053
3.0,7,5.33809
4.0,19,5.361392
4.0,11,5.375953
5.0,23,5.405847
1.0,3,5.409983
4.0,17,5.431276
1.0,3,5.435246
3.0,19,5.458977
4.0,63,5.535136
2.0,23,5.564995
4.0,17,5.586304
2.0,11,5.600415
2.0,7,5.609024
1.0,7,5.61915
3.0,15,5.637759
5.0,19,5.660898
2.0,23,5.688785
1.0,3,5.693789
3.0,39,5.741305
1.0,9,5.752838
6.0,31,5.790278
3.0,27,5.82352
3.0,11,5.837119
1.0,7,5.846267
3.0,15,5.865398
3.0,23,5.900912
4.0,29,5.937121
4.0,31,5.975257
1.0,3,5.978824
3.0,25,6.009446
4.0,7,6.018974
3.0,13,6.035007
6.0,21,6.061559
3.0,17,6.082498
1.0,2,6.085497
9.0,14,6.103531
2.0,7,6.112051
1.0,9,6.123075
3.0,23,6.151636
2.0,22,6.178177
3.0,11,6.191705
3.0,15,6.21074
3.0,7,6.219256
4.0,19,6.242806
2.0,18,6.264839
6.0,10,6.277864
4.0,10,6.290392
2.0,19,6.313424
5.0,18,6.335979
3.0,12,6.351015
2.0,19,6.374123
5.0,27,6.408149
5.0,20,6.43348
6.0,27,7.795991
4.0,19,7.826036
2.0,31,7.868587
1.0,3,7.873596
4.0,7,7.884105
1.0,7,7.894163
3.0,11,7.90871
2.0,7,7.91982
11.0,43,7.988072
2.0,19,8.015599
3.0,23,8.046219
4.0,17,8.067746
1.0,5,8.079285
4.0,11,8.094803
5.0,49,8.156423
11.0,33,8.196501
3.0,15,8.216535
2.0,15,8.236081
3.0,50,8.301938
5.0,25,8.340283
1.0,6,8.348764
1.0,6,8.357765
4.0,23,8.388918
4.0,64,8.495126
4.0,35,8.569393
2.0,27,8.634755
3.0,15,8.657828
3.0,19,8.686507
3.0,43,8.746624
2.0,11,8.763662
1.0,2,8.768169
3.0,27,8.81425
4.0,10,8.832879
6.0,43,8.905506
4.0,44,8.96609
2.0,23,8.997867
5.0,27,9.034932
14.0,41,9.094012
5.0,17,9.118279
3.0,12,9.133408
2.0,15,9.152552
3.0,27,9.185224
4.0,55,9.254374
10.0,58,9.325109
3.0,51,9.388177
2.0,7,9.398801
4.0,27,9.433897
3.0,11,9.449688
4.0,12,9.473775
3.0,15,9.498057
4.0,27,9.538844
3.0,5,9.545844
2.0,7,9.556399
5.0,32,9.598115
1.0,17,9.620296
7.0,15,9.639385
4.0,27,9.674106
2.0,11,9.687704
2.0,11,9.700816
1.0,3,9.705816
2.0,26,9.737971
3.0,47,9.794778
1.0,15,9.814885
4.0,19,9.841507
1.0,19,9.865571
5.0,63,9.945876
4.0,15,9.967916
4.0,39,10.017747
3.0,7,10.027784
4.0,24,10.060885
5.0,15,10.081972
4.0,24,10.115307
5.0,27,10.150479
4.0,8,10.160958
3.0,21,10.187133
3.0,15,10.206277
9.0,38,10.254139
3.0,7,10.263683
2.0,3,10.267709
5.0,19,10.292286
2.0,7,10.302802
4.0,11,10.316397
2.0,35,10.358222
3.0,7,10.36875
4.0,23,10.398298
3.0,11,10.41386
9.0,70,10.500656
2.0,11,10.516236
3.0,14,10.535295
9.0,38,10.583914
2.0,15,10.604035
3.0,11,10.619065
1.0,6,10.628074
4.0,15,10.649612
7.0,25,12.128724
8.0,14,12.157285
4.0,11,12.181846
4.0,23,12.224784
2.0,7,12.239411
4.0,15,12.263445
3.0,6,12.270951
1.0,7,12.282465
1.0,11,12.297982
7.0,15,12.317013
3.0,11,12.331561
1.0,3,12.33656
3.0,23,12.366101
3.0,13,12.383137
4.0,15,12.403184
3.0,7,12.414702
5.0,47,12.474806
3.0,11,12.488829
3.0,6,12.496841
7.0,31,12.534887
4.0,24,12.564412
3.0,7,12.573965
4.0,19,12.597028
7.0,23,12.627262
4.0,19,12.650813
5.0,11,12.666336
2.0,15,12.685372
4.0,25,12.715924
3.0,7,12.725441
5.0,24,12.755998
1.0,11,12.770035
2.0,7,12.779546
3.0,15,12.798578
1.0,11,12.813107
2.0,7,12.823171
4.0,18,12.848771
3.0,15,12.86795
2.0,7,12.877463
3.0,15,12.897498
3.0,11,12.91253
3.0,9,12.926049
5.0,29,12.962108
1.0,4,12.967106
4.0,15,12.987124
4.0,14,13.004146
5.0,29,13.041242
1.0,3,13.046242
5.0,28,13.083401
4.0,13,13.100432
4.0,19,13.125475
8.0,38,13.175069
7.0,23,13.203629
4.0,27,13.240004
1.0,4,13.246006
8.0,23,13.276204
3.0,18,13.29887
3.0,20,13.323402
8.0,42,13.374218
2.0,3,13.378754
4.0,23,13.407809
2.0,16,13.429899
3.0,27,13.465455
3.0,11,13.47948
6.0,26,13.512651
4.0,28,13.547678
2.0,23,13.576236
4.0,21,13.601791
4.0,20,13.627333
6.0,31,13.66552
4.0,17,13.685657
3.0,7,13.695187
3.0,48,13.754442
2.0,19,13.777468
3.0,11,13.791553
5.0,23,13.821624
6.0,21,13.847796
9.0,18,13.870282
4.0,22,13.896371
2.0,23,13.925184
2.0,15,13.944206
2.0,7,13.953718
4.0,24,13.9832
3.0,7,13.991711
1.0,3,13.99571
5.0,19,14.018731
4.0,31,14.055437
8.0,22,14.092114
4.0,28,14.132868
3.0,11,14.14734
4.0,27,14.180438
2.0,12,14.195956
3.0,15,14.214991
5.0,19,14.239043
3.0,7,14.249057
1.0,7,14.257581
5.0,11,14.271618
3.0,23,14.299159
3.0,11,14.313691
4.0,35,14.356267
5.0,23,14.383821
11.0,58,14.451864
3.0,5,14.457896
5.0,17,14.478035
3.0,12,14.493123
5.0,35,14.532972
2.0,7,14.541585
4.0,23,14.570098
4.0,23,14.597236
6.0,14,14.615316
2.0,15,14.634039
3.0,19,14.663188
4.0,16,14.683292
4.0,31,14.720305
5.0,39,15.951464
3.0,11,15.966976
9.0,15,15.986
4.0,27,16.023556
4.0,17,16.047578
5.0,13,16.067595
4.0,11,16.083626
3.0,22,16.11782
9.0,26,16.149891
3.0,19,16.172633
2.0,7,16.182147
9.0,24,16.210691
5.0,18,16.232218
1.0,4,16.237215
7.0,10,16.250237
2.0,19,16.275311
5.0,15,16.295465
3.0,9,16.308035
2.0,7,16.317598
7.0,10,16.332202
4.0,25,16.364752
3.0,7,16.375266
2.0,7,16.385878
4.0,9,16.397388
10.0,26,16.433997
4.0,11,16.449001
3.0,6,16.457011
2.0,11,16.47574
3.0,19,16.497363
3.0,23,16.525501
2.0,11,16.540118
3.0,23,16.575799
5.0,47,16.638965
5.0,15,16.657492
3.0,5,16.665014
3.0,11,16.682041
5.0,23,16.709566
9.0,28,16.748638
8.0,21,16.774192
2.0,7,16.78271
7.0,22,16.80925
3.0,9,16.820774
9.0,19,16.844239
3.0,19,16.86637
4.0,9,16.877945
4.0,12,16.892089
3.0,14,16.909201
2.0,15,16.927376
4.0,13,16.942492
3.0,10,16.954094
2.0,15,16.973102
8.0,26,17.004658
12.0,31,17.041245
4.0,9,17.052764
3.0,14,17.069799
3.0,11,17.084316
2.0,27,17.116866
5.0,14,17.134409
4.0,9,17.144925
2.0,7,17.154444
2.0,11,17.167962
3.0,15,17.185997
1.0,3,17.190509
11.0,48,17.247723
5.0,35,17.293697
4.0,11,17.307213
3.0,15,17.32676
4.0,19,17.350306
5.0,13,17.366831
1.0,3,17.371348
3.0,31,17.407903
3.0,22,17.434967
4.0,43,17.486554
4.0,21,17.512108
5.0,23,17.540167
5.0,8,17.550687
3.0,11,17.565211
11.0,22,17.59277
12.0,60,17.681006
10.0,28,17.716225
3.0,5,17.722734
2.0,3,17.727908
5.0,14,17.744955
9.0,46,17.801356
2.0,7,17.812836
4.0,19,17.838981
3.0,31,17.877676
5.0,7,17.887238
2.0,7,17.895802
3.0,7,17.905858
4.0,14,17.924921
2.0,3,17.928942
4.0,23,17.959497
2.0,23,17.987539
4.0,8,17.999568
3.0,36,18.045167
3.0,31,18.085282
3.0,5,18.09189
7.0,22,18.119499
4.0,24,18.149122
2.0,7,18.157247
5.0,24,18.187867
3.0,14,18.206901
3.0,15,18.226456
3.0,24,18.258009
4.0,16,18.279633
3.0,7,18.289204
4.0,19,18.315348
4.0,15,18.334921
5.0,31,18.37499
6.0,20,18.400535
3.0,7,18.410064
3.0,17,18.432718
4.0,7,18.442317
5.0,31,18.480398
3.0,23,18.509926
2.0,7,18.51949
4.0,15,18.537617
10.0,18,18.561321
2.0,7,18.569897
2.0,7,18.579432
5.0,26,19.83969
3.0,23,19.876225
3.0,5,19.884736
3.0,19,19.91226
8.0,23,19.946065
3.0,10,19.959073
2.0,15,19.982112
11.0,36,20.031891
2.0,3,20.036892
5.0,11,20.05091
2.0,3,20.055912
4.0,30,20.094075
4.0,21,20.121674
3.0,9,20.133854
3.0,35,20.1771
5.0,15,20.196961
10.0,56,20.266494
3.0,11,20.279538
3.0,10,20.293087
2.0,7,20.301677
3.0,11,20.31722
4.0,7,20.325764
1.0,2,20.328921
8.0,17,20.351108
4.0,9,20.362254
4.0,26,20.394914
5.0,27,20.428717
2.0,7,20.437723
2.0,7,20.447258
2.0,7,20.455768
8.0,27,20.489822
2.0,7,20.499333
2.0,3,20.504345
2.0,11,20.518867
3.0,27,20.551939
2.0,6,20.560541
4.0,30,20.599669
4.0,15,20.62021
10.0,31,20.660372
3.0,11,20.674899
3.0,23,20.704456
4.0,11,20.718973
2.0,19,20.743536
4.0,27,20.778111
4.0,23,20.80782
4.0,15,20.825907
2.0,8,20.837979
4.0,27,20.874207
2.0,6,20.882804
4.0,14,20.90095
3.0,7,20.911519
8.0,15,20.931207
4.0,15,20.951224
7.0,29,20.986784
3.0,19,21.011882
3.0,15,21.031429
3.0,11,21.04595
5.0,14,21.063985
3.0,15,21.083018
3.0,7,21.092534
2.0,7,21.102053
7.0,24,21.133714
3.0,11,21.148861
6.0,15,21.167476
4.0,15,21.186617
3.0,19,21.21021
3.0,31,21.24912
3.0,11,21.262658
4.0,8,21.273174
7.0,26,21.305847
9.0,41,21.367612
7.0,15,21.387661
6.0,11,21.402731
1.0,4,21.4093
5.0,15,21.429003
8.0,18,21.452122
5.0,17,21.474206
1.0,9,21.48674
3.0,15,21.505858
8.0,24,21.536114
8.0,24,21.566749
2.0,7,21.575978
4.0,10,21.587539
2.0,3,21.593103
2.0,7,21.60168
4.0,21,21.62869
2.0,7,21.63723
8.0,14,21.657343
4.0,43,21.710912
10.0,27,21.745543
3.0,9,21.757116
4.0,11,21.771231
2.0,11,21.784774
4.0,17,21.806816
4.0,21,21.832446
2.0,11,21.847941
5.0,18,21.870494
3.0,7,21.881013
3.0,15,21.900048
8.0,14,21.919074
2.0,11,21.934662
3.0,23,21.964347
2.0,15,21.983424
7.0,14,22.001467
4.0,9,22.013039
3.0,17,22.035161
4.0,10,22.049194
3.0,4,22.055203
3.0,5,22.061718
3.0,6,22.070313
3.0,11,22.084862
4.0,12,22.100887
4.0,18,22.123929
8.0,22,22.15148
2.0,3,22.15648
2.0,7,22.165998
4.0,16,22.186035
3.0,4,22.191551
5.0,23,22.221105
4.0,9,22.232624
12.0,34,22.275696
3.0,15,22.296782
12.0,40,22.349411
8.0,23,22.379974
5.0,27,22.413515
3.0,30,22.453088
3.0,15,22.473124
3.0,11,22.487641
4.0,13,23.669393
4.0,11,23.686911
3.0,7,23.696392
10.0,35,23.74244
4.0,13,23.761459
3.0,8,23.773972
2.0,3,23.779476
7.0,10,23.795006
3.0,19,23.82256
2.0,7,23.834574
8.0,18,23.85759
2.0,3,23.8631
4.0,10,23.875609
3.0,10,23.888114
2.0,15,23.906297
7.0,15,23.924411
2.0,11,23.937551
3.0,4,23.943456
13.0,73,24.030898
8.0,18,24.052498
8.0,27,24.084991
8.0,16,24.104129
3.0,7,24.113703
3.0,19,24.136443
4.0,23,24.164025
3.0,15,24.182197
2.0,7,24.191774
2.0,27,24.224397
2.0,13,24.240952
3.0,14,24.25734
3.0,6,24.265913
5.0,14,24.283062
8.0,30,24.318779
3.0,7,24.32724
3.0,8,24.337378
2.0,7,24.346951
2.0,3,24.351529
2.0,7,24.360101
3.0,11,24.373666
3.0,15,24.391817
3.0,9,24.403394
5.0,31,24.439838
4.0,21,24.465821
3.0,11,24.479876
2.0,17,24.500042
8.0,10,24.512616
8.0,14,24.529768
7.0,60,24.600247
2.0,19,24.625046
3.0,6,24.633085
3.0,20,24.659122
1.0,3,24.663638
10.0,48,24.721747
4.0,11,24.736781
10.0,18,24.759326
3.0,15,24.77785
4.0,12,24.792885
1.0,5,24.800401
4.0,27,24.833473
3.0,8,24.843992
2.0,11,24.857508
7.0,22,24.88793
5.0,30,24.924
1.0,4,24.930516
5.0,14,24.94737
3.0,14,24.965457
12.0,24,24.994118
3.0,7,25.002703
1.0,3,25.007707
3.0,7,25.016277
4.0,10,25.028855
7.0,24,25.058138
2.0,7,25.066709
11.0,67,25.146848
5.0,53,25.21053
10.0,29,25.245765
5.0,27,25.285373
8.0,14,25.303405
2.0,3,25.307405
3.0,10,25.320434
2.0,3,25.326439
2.0,7,25.335466
7.0,11,25.349487
3.0,20,25.374536
3.0,10,25.387053
8.0,26,25.420118
3.0,35,25.467546
9.0,23,25.497265
3.0,11,25.511382
3.0,17,25.533482
10.0,27,25.569039
3.0,10,25.581572
2.0,7,25.59109
4.0,20,25.617127
9.0,26,25.652716
2.0,11,25.668743
2.0,3,25.672756
4.0,10,25.686275
10.0,22,25.713442
8.0,15,25.733685
4.0,13,25.750717
5.0,15,25.769726
4.0,11,25.784237
3.0,15,25.804206
3.0,11,25.823248
3.0,11,25.850314
3.0,27,25.888867
3.0,7,25.899902
3.0,11,25.914421
4.0,9,25.927939
3.0,31,25.970838
5.0,19,25.994884
8.0,42,26.046695
4.0,13,26.062779
3.0,19,26.086833
9.0,31,26.124883
3.0,15,26.144158
4.0,14,26.161206
3.0,14,26.17929
4.0,8,26.188798
2.0,12,26.204319
4.0,11,26.220361
3.0,15,26.238909
2.0,7,26.248919
2.0,3,26.252436
3.0,11,26.267988
8.0,18,26.290612
3.0,16,27.703073
4.0,15,27.73161
9.0,26,27.771191
9.0,24,27.805738
5.0,32,27.854301
4.0,11,27.871329
1.0,5,27.880838
2.0,7,27.89035
8.0,14,27.90886
4.0,11,27.922468
3.0,11,27.937493
12.0,20,27.965052
8.0,23,27.995696
2.0,15,28.026257
9.0,17,28.049398
8.0,23,28.079967
3.0,5,28.087965
7.0,14,28.107908
4.0,20,28.135152
3.0,14,28.153714
3.0,7,28.16323
4.0,12,28.180354
11.0,40,28.233772
8.0,22,28.262247
2.0,3,28.266249
3.0,7,28.275854
11.0,28,28.31011
10.0,46,28.367297
4.0,8,28.377845
2.0,11,28.392018
2.0,7,28.40158
3.0,19,28.425673
4.0,7,28.434245
4.0,8,28.44533
2.0,19,28.46981
2.0,7,28.479317
7.0,10,28.492879
2.0,10,28.506419
7.0,11,28.520473
5.0,21,28.547036
2.0,11,28.561074
7.0,11,28.575595
4.0,7,28.585111
3.0,11,28.599134
7.0,14,28.617258
8.0,22,28.646815
4.0,31,28.685895
4.0,16,28.707929
3.0,23,28.738986
4.0,9,28.751603
8.0,14,28.76969
8.0,15,28.788831
2.0,7,28.797868
3.0,8,28.808982
10.0,18,28.832026
4.0,6,28.840109
3.0,6,28.849115
4.0,13,28.865153
2.0,16,28.886192
2.0,23,28.914744
8.0,18,28.938782
3.0,6,28.946301
4.0,7,28.95582
3.0,4,28.962387
2.0,15,28.98109
3.0,5,28.98806
3.0,13,29.004109
3.0,25,29.036662
11.0,21,29.063217
2.0,11,29.077738
5.0,13,29.093775
2.0,7,29.10429
4.0,14,29.122327
4.0,11,29.137871
2.0,7,29.146422
4.0,10,29.160485
3.0,5,29.167482
4.0,14,29.184541
7.0,14,29.202239
4.0,11,29.216715
4.0,19,29.240307
3.0,10,29.252879
4.0,11,29.267357
9.0,20,29.291887
1.0,3,29.29589
8.0,11,29.310795
2.0,11,29.324404
5.0,19,29.347517
8.0,11,29.362576
3.0,7,29.372096
4.0,19,29.399134
13.0,29,29.435211
3.0,4,29.44072
3.0,11,29.455246
1.0,7,29.464762
3.0,8,29.475284
3.0,6,29.483799
3.0,27,29.517355
8.0,10,29.530385
4.0,11,29.54463
4.0,12,29.561445
3.0,12,29.576966
2.0,12,29.592002
10.0,15,29.612038
3.0,11,29.62556
2.0,15,29.645594
5.0,12,29.660615
8.0,22,29.688788
2.0,15,29.707842
3.0,10,29.720859
3.0,15,29.739879
12.0,23,29.768933
2.0,11,29.783463
3.0,6,29.791981
5.0,33,29.833056
5.0,33,29.873796
2.0,3,29.878766
3.0,23,29.906271
11.0,45,29.962204
3.0,11,29.980277
4.0,10,29.994764
3.0,10,30.007279
2.0,9,30.018788
4.0,12,30.034822
9.0,15,30.053038
3.0,13,30.070164
8.0,20,30.097328
11.0,19,30.122936
3.0,7,30.133455
2.0,7,30.14254
3.0,6,30.151061
2.0,3,30.157062
3.0,31,30.196138
3.0,11,30.210166
7.0,14,30.229196
2.0,7,30.238209
7.0,11,30.253243
5.0,19,30.277283
4.0,12,30.293317
3.0,7,30.302837
7.0,19,30.326984
8.0,22,30.354337
5.0,37,30.406049
3.0,35,31.731083
7.0,14,31.754604
8.0,19,31.782151
3.0,9,31.79667
2.0,15,31.820221
11.0,34,31.866787
2.0,11,31.881811
2.0,6,31.891318
3.0,15,31.910351
7.0,10,31.926875
7.0,10,31.940896
6.0,15,31.962441
10.0,18,31.985468
12.0,43,32.043073
9.0,22,32.073239
3.0,23,32.104775
3.0,11,32.119792
3.0,7,32.129308
9.0,14,32.147355
2.0,7,32.155875
9.0,14,32.17391
3.0,7,32.182426
4.0,6,32.190947
2.0,17,32.211984
3.0,7,32.221498
2.0,19,32.24505
2.0,7,32.254595
4.0,11,32.269617
5.0,23,32.297904
10.0,20,32.322428
10.0,30,32.357687
3.0,21,32.382408
4.0,18,32.404391
7.0,18,32.425508
2.0,7,32.435105
4.0,19,32.456683
8.0,14,32.473834
2.0,15,32.492891
9.0,15,32.511967
2.0,3,32.515941
4.0,9,32.526548
3.0,7,32.535117
8.0,22,32.56114
10.0,22,32.587274
10.0,22,32.61399
7.0,22,32.639664
2.0,11,32.652837
3.0,5,32.659375
3.0,23,32.686552
7.0,25,32.715277
4.0,17,32.735386
11.0,26,32.766674
8.0,22,32.794392
7.0,19,32.817576
9.0,14,32.834722
12.0,43,32.8868
9.0,19,32.909343
3.0,14,32.926873
8.0,14,32.944414
3.0,15,32.961594
9.0,26,32.993174
8.0,27,33.024798
3.0,7,33.034314
13.0,41,33.083416
4.0,11,33.097026
8.0,14,33.11416
7.0,14,33.131305
10.0,23,33.159488
7.0,23,33.187349
8.0,18,33.208939
3.0,10,33.221451
4.0,9,33.231963
3.0,7,33.241528
4.0,10,33.253678
2.0,11,33.266228
4.0,23,33.293847
2.0,11,33.307348
4.0,32,33.345062
10.0,34,33.386142
3.0,27,33.4192
3.0,7,33.428212
4.0,15,33.445762
8.0,10,33.458786
3.0,11,33.472316
3.0,6,33.47983
3.0,11,33.493351
3.0,7,33.50287
4.0,11,33.516296
3.0,9,33.527819
4.0,19,33.550892
4.0,11,33.565409
3.0,8,33.57593
3.0,9,33.586447
5.0,13,33.602481
3.0,11,33.617002
3.0,4,33.622518
7.0,14,33.639549
7.0,18,33.661821
10.0,34,33.703896
8.0,14,33.721935
4.0,8,33.731452
3.0,10,33.744971
2.0,6,33.753042
7.0,18,33.777076
3.0,12,33.794123
3.0,8,33.804631
3.0,8,33.816148
2.0,15,33.836201
2.0,7,33.845226
4.0,9,33.856754
9.0,18,33.880015
9.0,16,33.899607
3.0,11,33.914125
15.0,39,33.962191
9.0,26,33.993733
12.0,21,34.021202
3.0,11,34.035714
3.0,7,34.04523
3.0,7,34.05425
2.0,3,34.058756
3.0,13,34.075272
3.0,8,34.085787
13.0,29,34.121575
3.0,7,34.131059
3.0,11,34.145153
4.0,11,34.15921
8.0,18,34.184979
12.0,27,34.226076
3.0,19,34.261603
2.0,7,34.273124
2.0,7,34.282634
4.0,8,34.293146
7.0,10,35.539189
11.0,31,35.580853
3.0,8,35.59336
4.0,30,35.638912
4.0,19,35.667452
3.0,10,35.684482
2.0,7,35.694997
7.0,10,35.712038
4.0,15,35.735618
10.0,22,35.765141
3.0,12,35.782835
10.0,19,35.807867
3.0,8,35.819903
2.0,11,35.834414
9.0,11,35.849971
3.0,12,35.865309
4.0,10,35.878825
3.0,13,35.896186
4.0,23,35.925296
4.0,15,35.944854
4.0,9,35.956904
7.0,14,35.97438
2.0,11,35.988893
3.0,4,35.994112
2.0,11,36.00986
2.0,15,36.02888
10.0,29,36.065437
7.0,18,36.087468
3.0,5,36.094023
4.0,15,36.11315
10.0,36,36.157921
4.0,10,36.170015
4.0,10,36.182577
3.0,5,36.189083
7.0,14,36.206565
4.0,12,36.220705
11.0,26,36.25385
9.0,18,36.275888
4.0,9,36.287409
2.0,7,36.296932
3.0,18,36.31947
7.0,10,36.332001
7.0,10,36.344518
3.0,10,36.358068
2.0,11,36.371937
2.0,9,36.383481
2.0,7,36.393059
8.0,18,36.414981
8.0,22,36.442537
2.0,11,36.456063
4.0,6,36.463579
7.0,14,36.481617
10.0,34,36.527414
11.0,25,36.557973
4.0,7,36.567488
7.0,18,36.596687
2.0,7,36.606205
8.0,15,36.625238
3.0,6,36.633407
8.0,14,36.653988
9.0,13,36.67703
2.0,7,36.687549
9.0,19,36.716211
3.0,12,36.73121
4.0,6,36.739752
3.0,11,36.754986
10.0,22,36.787525
11.0,39,36.845649
4.0,10,36.8592
8.0,22,36.888249
3.0,7,36.896767
1.0,3,36.902289
9.0,26,36.93487
8.0,18,36.959425
7.0,18,36.982469
4.0,6,36.990992
2.0,3,36.99502
9.0,18,37.019105
9.0,18,37.042789
11.0,30,37.084416
9.0,18,37.109964
9.0,34,37.158051
10.0,54,37.228806
3.0,7,37.238816
4.0,14,37.256061
4.0,11,37.27086
4.0,23,37.299993
3.0,8,37.311019
5.0,13,37.326529
3.0,6,37.335046
3.0,11,37.348931
2.0,7,37.358938
7.0,10,37.371152
8.0,18,37.395962
6.0,25,37.430706
7.0,26,37.464823
4.0,9,37.477186
8.0,10,37.490835
10.0,15,37.512444
3.0,8,37.522958
2.0,7,37.532015
3.0,11,37.546524
4.0,6,37.554045
10.0,25,37.585218
11.0,26,37.617577
13.0,34,37.659158
4.0,15,37.677728
9.0,30,37.716797
7.0,14,37.736573
8.0,18,37.763714
10.0,15,37.78576
8.0,14,37.806815
3.0,15,37.82686
4.0,6,37.835381
7.0,12,37.85293
3.0,11,37.867452
2.0,3,37.871973
9.0,14,37.890015
2.0,11,37.904538
4.0,18,37.927587
3.0,4,37.934103
10.0,14,37.951652
7.0,10,37.964176
13.0,44,38.020382
9.0,22,38.048943
3.0,11,38.062981
4.0,15,38.082023
10.0,19,38.106059
2.0,3,38.110573
7.0,14,38.128093
2.0,3,38.132598
9.0,13,38.148623
9.0,14,38.165639
10.0,15,38.183781
3.0,10,38.196341
3.0,11,38.210475
4.0,7,38.218985
7.0,10,38.231175
3.0,5,38.238147
4.0,19,38.261847
10.0,15,39.513734
8.0,19,39.544272
8.0,22,39.575972
5.0,11,39.592956
8.0,14,39.613982
2.0,7,39.624502
2.0,7,39.637017
3.0,8,39.650037
8.0,14,39.670565
2.0,6,39.679079
9.0,20,39.705105
10.0,13,39.721128
4.0,11,39.734638
3.0,11,39.749196
3.0,24,39.777417
9.0,16,39.797534
8.0,18,39.819137
4.0,19,39.842294
4.0,17,39.863929
7.0,31,39.901147
8.0,14,39.917658
3.0,11,39.931779
3.0,6,39.939287
3.0,11,39.95347
2.0,3,39.957444
9.0,30,39.994203
9.0,31,40.032448
2.0,3,40.036459
9.0,23,40.064131
9.0,16,40.084215
11.0,21,40.109898
2.0,19,40.132569
7.0,14,40.149591
4.0,14,40.16715
7.0,18,40.189338
8.0,10,40.201855
8.0,18,40.223936
2.0,7,40.233455
5.0,23,40.263095
10.0,18,40.285116
2.0,7,40.294628
9.0,13,40.310785
3.0,5,40.317757
9.0,13,40.333848
1.0,5,40.341036
10.0,21,40.366191
5.0,13,40.384279
3.0,6,40.392686
2.0,7,40.401232
2.0,7,40.409773
7.0,10,40.422346
2.0,3,40.427316
2.0,6,40.43486
4.0,23,40.462975
3.0,8,40.473484
9.0,23,40.502743
10.0,46,40.559542
9.0,18,40.58226
12.0,68,40.66449
3.0,10,40.676998
11.0,102,40.800116
2.0,3,40.804116
3.0,9,40.815633
1.0,4,40.822156
1.0,3,40.826156
3.0,9,40.837674
3.0,6,40.84619
3.0,9,40.858215
4.0,15,40.877254
2.0,7,40.885773
4.0,19,40.910331
5.0,15,40.929363
3.0,13,40.94589
2.0,7,40.955927
2.0,7,40.964444
7.0,18,40.987484
4.0,23,41.017044
8.0,14,41.035084
2.0,6,41.042606
8.0,26,41.075673
8.0,18,41.097766
3.0,12,41.112735
3.0,5,41.119244
2.0,19,41.142411
11.0,38,41.188009
3.0,15,41.207033
3.0,6,41.214569
8.0,10,41.227088
3.0,5,41.233687
2.0,11,41.247199
7.0,14,41.264936
4.0,25,41.294544
7.0,10,41.30706
2.0,11,41.321146
5.0,13,41.336661
8.0,14,41.354294
9.0,18,41.376441
13.0,58,41.446048
4.0,16,41.46511
10.0,26,41.496834
7.0,34,41.537454
2.0,3,41.542027
3.0,6,41.55118
14.0,65,41.628304
7.0,18,41.650861
2.0,7,41.659891
7.0,14,41.677415
8.0,18,41.700087
10.0,31,41.737656
11.0,30,41.773232
3.0,4,41.778208
13.0,61,41.851605
3.0,6,41.859147
8.0,19,41.882277
2.0,3,41.886275
3.0,15,41.904251
4.0,7,41.913791
12.0,24,41.942438
9.0,18,41.964068
9.0,14,41.982153
7.0,10,41.994303
9.0,14,42.012108
9.0,28,42.047669
6.0,29,43.336187
2.0,22,43.374775
10.0,42,43.442003
2.0,11,43.460534
2.0,7,43.474054
3.0,4,43.481569
8.0,18,43.520653
9.0,14,43.5457
10.0,18,43.577766
8.0,10,43.591792
2.0,6,43.600309
7.0,14,43.619342
11.0,29,43.658921
10.0,43,43.717058
8.0,14,43.734614
4.0,8,43.74513
2.0,11,43.759158
7.0,15,43.777184
3.0,8,43.787695
4.0,22,43.814352
2.0,7,43.822891
11.0,15,43.841951
2.0,7,43.850534
3.0,13,43.866598
5.0,15,43.885687
5.0,12,43.901741
7.0,14,43.919768
3.0,7,43.929289
2.0,7,43.938811
10.0,21,43.965377
2.0,3,43.971908
10.0,22,44.001035
7.0,18,44.024227
11.0,38,44.07886
2.0,11,44.094421
8.0,26,44.129593
4.0,8,44.146127
4.0,11,44.163682
11.0,28,44.20443
9.0,26,44.248111
10.0,52,44.32332
8.0,14,44.342363
2.0,7,44.351883
3.0,10,44.36592
5.0,14,44.385971
3.0,7,44.396494
3.0,7,44.406016
2.0,11,44.422062
3.0,7,44.431585
5.0,23,44.466648
3.0,7,44.475165
9.0,19,44.505303
3.0,5,44.512816
13.0,116,44.666229
3.0,7,44.675819
3.0,5,44.682368
10.0,27,44.716948
7.0,10,44.72965
11.0,72,44.815044
11.0,33,44.856571
3.0,19,44.879219
2.0,7,44.88734
3.0,11,44.902375
9.0,18,44.923945
4.0,29,44.960533
9.0,12,44.976062
8.0,10,44.989113
2.0,7,44.998121
9.0,15,45.016247
10.0,71,45.105474
4.0,23,45.139174
3.0,6,45.148185
4.0,8,45.161256
7.0,14,45.180898
8.0,14,45.201024
3.0,11,45.215546
8.0,15,45.236586
3.0,14,45.25463
7.0,18,45.278187
9.0,22,45.305747
9.0,18,45.327788
2.0,7,45.337308
11.0,104,45.491791
4.0,7,45.504318
7.0,14,45.526392
7.0,10,45.541404
11.0,76,45.654189
4.0,11,45.66921
8.0,18,45.692521
3.0,8,45.703078
10.0,28,45.741166
3.0,23,45.77325
5.0,19,45.797288
3.0,16,45.822851
11.0,26,45.860473
3.0,7,45.874004
4.0,7,45.885556
3.0,6,45.895103
2.0,3,45.899072
10.0,82,46.009887
5.0,17,46.031988
3.0,21,46.057625
3.0,8,46.069139
8.0,18,46.091749
8.0,22,46.11933
3.0,4,46.125367
6.0,17,46.146434
3.0,8,46.156487
3.0,7,46.16604
8.0,22,47.539864
3.0,10,47.553392
10.0,19,47.580935
7.0,22,47.611472
3.0,15,47.634509
9.0,14,47.654538
8.0,18,47.687093
3.0,6,47.695605
13.0,34,47.737662
8.0,22,47.764201
10.0,18,47.787298
3.0,11,47.802902
9.0,22,47.832122
15.0,24,47.863812
9.0,18,47.886925
3.0,7,47.895468
10.0,15,47.91453
12.0,47,47.970741
9.0,14,47.987288
5.0,14,48.005407
7.0,22,48.032955
10.0,24,48.065059
9.0,13,48.082687
8.0,14,48.102459
8.0,26,48.138661
11.0,23,48.170326
3.0,7,48.180845
11.0,18,48.207614
4.0,14,48.22722
8.0,14,48.247925
3.0,5,48.258074
13.0,38,48.313811
3.0,5,48.321002
13.0,53,48.393164
12.0,29,48.433835
9.0,11,48.44835
10.0,27,48.484442
2.0,7,48.493961
12.0,15,48.513026
8.0,10,48.526569
3.0,15,48.545624
2.0,7,48.55617
8.0,10,48.568661
10.0,16,48.590251
11.0,26,48.623658
11.0,56,48.696285
2.0,7,48.706835
4.0,9,48.718325
9.0,18,48.741537
11.0,34,48.783659
2.0,19,48.808669
2.0,7,48.818191
9.0,11,48.832228
3.0,19,48.857291
7.0,10,48.871023
3.0,8,48.881541
7.0,10,48.895063
7.0,10,48.90758
3.0,5,48.914103
5.0,15,48.934219
3.0,5,48.940725
9.0,19,48.965784
11.0,62,49.04292
2.0,7,49.051436
3.0,5,49.058435
12.0,166,49.260233
2.0,7,49.26877
7.0,10,49.28156
3.0,5,49.287558
8.0,14,49.305617
10.0,41,49.356971
10.0,30,49.396017
3.0,17,49.417061
9.0,10,49.430127
3.0,7,49.439136
2.0,11,49.452288
3.0,6,49.46083
10.0,32,49.498456
2.0,7,49.50801
7.0,18,49.528997
4.0,5,49.536118
3.0,15,49.561705
10.0,17,49.582826
4.0,7,49.591926
7.0,10,49.604452
11.0,26,49.637031
7.0,10,49.650073
4.0,9,49.661602
9.0,30,49.698265
4.0,11,49.712319
11.0,36,49.756125
8.0,14,49.773227
8.0,18,49.795318
3.0,6,49.803866
12.0,15,49.822872
3.0,5,49.828844
7.0,22,49.856077
9.0,22,49.882704
9.0,14,49.90176
2.0,7,49.911244
9.0,15,49.929771
9.0,18,49.951834
10.0,18,49.974907
3.0,10,49.986995
3.0,4,49.992536
12.0,36,50.037213
7.0,14,50.055191
9.0,18,50.077249
9.0,18,50.098245
8.0,14,50.11709
3.0,15,50.136176
3.0,10,50.148663
3.0,5,50.156187
10.0,18,50.178228
4.0,19,51.350108
3.0,12,51.369863
9.0,23,51.404908
10.0,20,51.437388
8.0,10,51.453568
8.0,10,51.467085
9.0,18,51.49763
8.0,18,51.527921
10.0,23,51.561239
9.0,12,51.577757
12.0,73,51.67245
8.0,10,51.684967
3.0,15,51.704982
7.0,10,51.717495
2.0,7,51.727062
2.0,7,51.737231
2.0,7,51.746349
7.0,22,51.77399
7.0,34,51.814955
7.0,14,51.831997
3.0,9,51.843425
8.0,18,51.866861
9.0,11,51.880863
9.0,14,51.898385
11.0,28,51.933515
4.0,19,51.956136
10.0,17,51.977893
11.0,34,52.018969
2.0,7,52.028489
7.0,10,52.041522
8.0,18,52.063075
7.0,14,52.081119
9.0,14,52.098637
12.0,28,52.134715
9.0,11,52.148751
3.0,7,52.157267
10.0,30,52.194341
7.0,14,52.212388
1.0,5,52.218387
3.0,15,52.238447
3.0,4,52.243966
2.0,9,52.254995
7.0,14,52.273143
2.0,7,52.281539
10.0,19,52.305299
9.0,11,52.318843
3.0,5,52.325238
2.0,7,52.334788
9.0,13,52.351327
7.0,14,52.367872
10.0,43,52.418629
11.0,29,52.453298
3.0,4,52.458302
9.0,13,52.475296
9.0,15,52.49341
10.0,57,52.559165
10.0,28,52.593781
4.0,7,52.60196
12.0,32,52.640638
8.0,26,52.672461
3.0,6,52.679969
4.0,9,52.691517
2.0,7,52.700021
3.0,41,52.751217
10.0,18,52.774303
9.0,13,52.78982
7.0,18,52.81205
12.0,20,52.836126
11.0,19,52.858635
3.0,8,52.87015
4.0,6,52.877656
8.0,14,52.893768
9.0,17,52.914854
8.0,14,52.931888
1.0,3,52.935894
11.0,19,52.959948
9.0,18,52.983546
11.0,64,53.059864
3.0,6,53.066938
10.0,13,53.083024
7.0,10,53.096499
3.0,7,53.106025
3.0,8,53.116541
7.0,10,53.129052
7.0,10,53.142144
4.0,6,53.150212
9.0,14,53.167768
3.0,7,53.177287
10.0,18,53.198368
10.0,49,53.257305
2.0,23,53.286755
11.0,34,53.330034
5.0,29,53.367081
9.0,15,53.386117
10.0,22,53.413218
7.0,10,53.425737
4.0,27,53.45885
3.0,7,53.467339
3.0,15,53.485942
3.0,5,53.49205
3.0,15,53.510188
10.0,15,53.528737
10.0,24,53.557806
4.0,7,53.566321
9.0,26,53.59868
8.0,10,53.61071
9.0,18,53.63354
7.0,10,53.645559
4.0,11,53.659104
9.0,23,53.685812
10.0,29,53.721882
2.0,7,53.729883
2.0,7,53.739099
8.0,10,53.752764
9.0,11,53.765829
11.0,22,53.793797
4.0,11,53.806887
11.0,27,53.841217
8.0,14,53.859016
3.0,8,53.869114
4.0,14,53.886136
8.0,10,53.89834
10.0,20,55.220051
11.0,75,55.332304
9.0,15,55.355843
10.0,22,55.389835
8.0,38,55.440026
8.0,10,55.453738
12.0,71,55.542012
8.0,14,55.559168
4.0,9,55.571912
11.0,156,55.758012
8.0,14,55.776839
11.0,20,55.801998
11.0,174,56.007035
7.0,21,56.031824
10.0,29,56.065964
7.0,10,56.079056
2.0,7,56.088212
10.0,28,56.122011
7.0,14,56.14009
3.0,7,56.1492
12.0,83,56.248443
9.0,18,56.270997
8.0,19,56.295139
9.0,18,56.317876
9.0,18,56.340107
3.0,14,56.358039
2.0,7,56.367242
10.0,17,56.388319
10.0,36,56.433048
11.0,33,56.473949
4.0,6,56.482011
3.0,15,56.500041
3.0,22,56.527904
10.0,19,56.552118
8.0,14,56.569195
7.0,14,56.586955
7.0,22,56.615226
12.0,32,56.655135
10.0,22,56.682185
7.0,10,56.694748
9.0,30,56.731751
8.0,10,56.743938
10.0,89,56.884701
8.0,22,56.913847
8.0,13,56.932069
10.0,16,56.955131
9.0,11,56.972764
10.0,23,57.00577
8.0,28,57.044121
3.0,4,57.050143
7.0,14,57.073944
10.0,23,57.108334
2.0,7,57.118866
8.0,14,57.140114
10.0,69,57.232086
9.0,19,57.257189
7.0,15,57.27772
7.0,10,57.293081
4.0,10,57.307116
10.0,46,57.366759
12.0,37,57.414113
8.0,14,57.431794
12.0,82,57.531806
2.0,11,57.546713
11.0,18,57.56976
10.0,52,57.635793
10.0,23,57.664183
8.0,14,57.682859
3.0,11,57.696203
3.0,5,57.703777
3.0,5,57.709777
10.0,26,57.741765
11.0,21,57.768216
7.0,10,57.784209
10.0,16,57.805225
7.0,18,57.828231
9.0,23,57.858234
