#{"t_start": 1743395922.662805, "env_id": "sneaky_enemies"}
r,l,t
3.0,15,1.489721
2.0,11,1.503721
6.0,15,1.523722
5.0,20,1.548748
3.0,23,1.578747
2.0,7,1.587753
2.0,7,1.596753
3.0,7,1.605752
1.0,14,1.622725
1.0,8,1.633726
1.0,27,1.666722
2.0,31,1.704753
3.0,23,1.733752
3.0,23,1.761752
2.0,50,1.830722
4.0,34,1.873725
5.0,25,1.904726
3.0,18,1.927726
2.0,19,1.953467
8.0,57,2.024462
3.0,5,2.030462
4.0,19,2.055462
5.0,14,2.073462
1.0,23,2.102467
5.0,40,2.153497
2.0,7,2.162465
3.0,23,2.191466
5.0,23,2.219467
5.0,17,2.240467
2.0,27,2.275127
3.0,15,2.295154
1.0,11,2.309154
1.0,7,2.318149
4.0,11,2.33216
2.0,23,2.360153
1.0,2,2.363151
2.0,7,2.373154
11.0,39,2.420151
2.0,7,2.429156
2.0,10,2.443129
4.0,22,2.470153
3.0,8,2.481153
2.0,19,2.504153
1.0,16,2.524127
1.0,4,2.530127
2.0,19,2.553127
7.0,48,2.612127
2.0,10,2.625126
3.0,6,2.633125
2.0,10,2.646154
5.0,60,2.719127
2.0,23,2.748122
4.0,19,2.772123
4.0,31,2.810123
2.0,33,2.850128
4.0,39,2.898153
1.0,3,2.902159
6.0,43,2.955151
1.0,11,2.969123
4.0,19,2.992153
5.0,46,3.048153
4.0,27,3.080153
2.0,27,3.115122
1.0,7,3.124123
3.0,11,3.139154
4.0,14,3.156151
2.0,6,3.164127
2.0,19,3.187126
1.0,12,3.202648
2.0,3,3.207648
2.0,11,3.221647
4.0,43,3.274643
1.0,7,3.283643
2.0,7,3.293643
1.0,2,3.296643
4.0,15,3.316644
4.0,16,3.336643
2.0,3,3.340643
1.0,15,3.359647
2.0,7,3.368649
3.0,11,3.382682
3.0,13,3.398647
4.0,11,3.412647
4.0,15,3.430647
3.0,11,3.444647
3.0,31,3.482675
4.0,23,3.510681
2.0,11,3.524676
4.0,13,3.541674
3.0,39,3.588646
4.0,27,3.621647
6.0,49,3.681642
4.0,22,3.708643
2.0,9,3.719643
4.0,13,3.736644
2.0,19,3.760644
3.0,15,3.778644
2.0,7,3.788644
1.0,6,3.795644
3.0,19,3.819643
5.0,19,3.842644
5.0,8,3.853643
3.0,11,3.867644
3.0,36,3.912678
2.0,7,3.921644
5.0,37,3.967648
3.0,19,3.991644
3.0,23,4.020643
1.0,19,4.043643
7.0,15,5.323217
1.0,3,5.328215
1.0,7,5.338216
2.0,11,5.355219
3.0,31,5.397217
2.0,11,5.411215
1.0,11,5.427215
2.0,19,5.454218
3.0,23,5.488215
3.0,7,5.499218
3.0,31,5.539222
4.0,19,5.562222
4.0,51,5.627222
2.0,11,5.641222
1.0,7,5.650016
3.0,31,5.689012
2.0,20,5.713011
4.0,12,5.72801
5.0,31,5.766011
2.0,11,5.780012
3.0,7,5.789012
2.0,7,5.798012
4.0,13,5.814015
6.0,27,5.847012
1.0,7,5.85704
2.0,15,5.876046
3.0,19,5.901044
1.0,4,5.906042
1.0,3,5.910038
2.0,15,5.929043
6.0,25,5.959012
1.0,2,5.962011
3.0,19,5.986012
3.0,15,6.004013
1.0,11,6.020011
3.0,12,6.035045
4.0,15,6.053015
4.0,15,6.072015
1.0,3,6.076015
4.0,26,6.108012
4.0,11,6.121012
2.0,6,6.129011
3.0,9,6.140012
5.0,23,6.168015
8.0,31,6.205015
1.0,9,6.216015
1.0,7,6.225017
2.0,10,6.237043
2.0,11,6.251012
8.0,24,6.280011
4.0,16,6.300012
2.0,11,6.314013
3.0,11,6.328012
3.0,16,6.34901
3.0,20,6.373011
1.0,3,6.378013
1.0,6,6.386012
2.0,3,6.390011
4.0,7,6.399011
2.0,14,6.417012
2.0,8,6.428016
1.0,7,6.437016
1.0,11,6.451014
3.0,22,6.481016
2.0,24,6.512048
4.0,11,6.526013
4.0,14,6.545016
4.0,19,6.568012
4.0,23,6.598042
2.0,8,6.608012
4.0,15,6.627012
2.0,8,6.638011
2.0,3,6.642012
4.0,22,6.670012
3.0,23,6.69801
3.0,27,6.731038
4.0,23,6.759016
2.0,7,6.768014
6.0,18,6.790487
3.0,20,6.813459
4.0,7,6.822456
5.0,14,6.839456
2.0,7,6.848457
3.0,23,6.876487
2.0,7,6.885492
1.0,7,6.89449
8.0,28,6.927457
3.0,16,6.946457
1.0,13,6.96246
3.0,23,6.991457
2.0,11,7.005457
3.0,20,7.03046
3.0,26,7.060461
1.0,8,7.07046
4.0,22,7.098457
5.0,15,7.117457
1.0,3,7.121457
5.0,19,7.145457
1.0,11,7.159457
2.0,11,7.173457
1.0,7,7.182461
4.0,28,7.21646
1.0,7,7.22546
2.0,10,7.238461
2.0,7,7.247461
1.0,15,7.26546
3.0,35,7.30846
2.0,15,7.327461
3.0,11,7.34146
4.0,36,7.38746
2.0,23,7.415461
2.0,15,7.43346
1.0,11,7.44746
1.0,11,7.461457
2.0,11,7.475457
2.0,7,7.484457
1.0,6,7.491457
1.0,9,7.502487
1.0,3,7.507488
3.0,27,7.539488
4.0,65,7.616456
3.0,23,7.644456
1.0,5,7.650456
2.0,19,7.674461
4.0,7,7.68346
1.0,11,7.697488
3.0,15,7.714482
6.0,26,7.745483
1.0,3,7.75049
2.0,7,7.759487
2.0,8,7.76949
1.0,11,7.782487
2.0,6,7.789488
2.0,15,7.807461
3.0,8,7.817461
4.0,19,7.840461
3.0,19,7.864461
3.0,15,8.953502
3.0,14,8.970503
5.0,11,8.984503
1.0,11,8.997503
2.0,13,9.014503
2.0,21,9.04417
8.0,23,9.07617
2.0,11,9.090168
3.0,19,9.115169
2.0,7,9.125169
3.0,23,9.158168
12.0,31,9.195168
3.0,7,9.204201
4.0,31,9.241204
2.0,14,9.258201
1.0,22,9.284171
1.0,10,9.296204
1.0,3,9.300197
1.0,11,9.314203
6.0,75,9.408173
3.0,19,9.435201
3.0,11,9.45617
2.0,11,9.47017
2.0,8,9.480169
3.0,19,9.503171
3.0,7,9.51317
4.0,7,9.52217
4.0,35,9.56417
3.0,7,9.57317
4.0,21,9.59917
2.0,11,9.61317
2.0,11,9.627173
2.0,7,9.636198
2.0,12,9.65117
5.0,17,9.67217
3.0,15,9.690202
3.0,7,9.699172
1.0,15,9.717202
3.0,8,9.728169
1.0,11,9.741202
5.0,14,9.7582
3.0,6,9.7662
3.0,15,9.784763
2.0,7,9.793754
3.0,19,9.820733
1.0,3,9.826732
5.0,23,9.859729
3.0,6,9.867728
3.0,11,9.881728
2.0,6,9.888754
2.0,19,9.912761
1.0,3,9.917728
1.0,11,9.93473
2.0,7,9.944728
3.0,19,9.966727
5.0,20,9.993758
5.0,73,10.077755
2.0,19,10.099758
1.0,11,10.113758
6.0,26,10.14376
2.0,11,10.157756
3.0,31,10.193759
3.0,15,10.212758
4.0,11,10.225758
5.0,32,10.262755
2.0,11,10.276758
3.0,15,10.293759
3.0,15,10.311758
5.0,31,10.34776
3.0,11,10.361759
4.0,15,10.379729
9.0,51,10.439758
1.0,2,10.441758
2.0,9,10.452758
1.0,4,10.458764
3.0,18,10.484758
4.0,9,10.49576
4.0,18,10.517758
2.0,6,10.525755
2.0,7,10.533753
4.0,15,10.552728
3.0,20,10.576728
2.0,11,10.590728
6.0,39,10.637728
2.0,8,10.647728
4.0,23,10.675726
3.0,15,10.693728
3.0,18,10.715728
2.0,7,10.724728
3.0,11,10.738728
2.0,7,10.747728
3.0,31,10.784728
2.0,11,10.798728
4.0,23,10.826728
1.0,2,10.829728
4.0,67,10.908728
1.0,3,10.913726
1.0,3,10.917728
3.0,19,10.941478
3.0,19,10.964478
2.0,7,10.973478
5.0,38,11.019478
2.0,7,11.029476
5.0,15,11.051478
2.0,27,11.083478
5.0,31,11.120478
3.0,15,11.139477
3.0,13,11.154478
2.0,15,11.173478
2.0,7,11.182508
3.0,18,11.203509
4.0,9,11.215508
1.0,3,11.219504
2.0,11,11.233481
3.0,13,11.249481
2.0,7,11.258482
9.0,23,11.286481
4.0,20,11.310481
7.0,34,11.351481
3.0,11,11.364481
5.0,11,11.378481
5.0,13,11.394481
10.0,29,11.429481
1.0,3,11.433481
2.0,11,11.447481
5.0,33,11.489217
2.0,7,11.498244
1.0,3,11.502244
2.0,15,12.601084
3.0,11,12.616085
2.0,7,12.626084
3.0,12,12.641083
3.0,7,12.650082
2.0,3,12.654081
6.0,33,12.697082
2.0,15,12.716083
4.0,16,12.735084
4.0,15,12.754082
2.0,5,12.761083
5.0,31,12.798085
3.0,11,12.81211
3.0,22,12.838664
6.0,55,12.905637
1.0,7,12.915669
3.0,5,12.921663
3.0,11,12.935668
2.0,19,12.959635
4.0,11,12.973637
4.0,21,13.005638
3.0,14,13.024636
2.0,3,13.029636
4.0,13,13.047637
2.0,7,13.058633
3.0,5,13.064632
5.0,32,13.103664
4.0,14,13.120665
2.0,11,13.133664
6.0,38,13.17852
3.0,15,13.196527
2.0,11,13.210519
1.0,7,13.219526
3.0,11,13.232527
2.0,11,13.245521
1.0,10,13.258523
2.0,11,13.271522
3.0,19,13.29349
6.0,21,13.318521
3.0,15,13.336524
2.0,3,13.340518
4.0,19,13.363515
5.0,32,13.40052
6.0,44,13.451522
5.0,37,13.49452
5.0,23,13.521521
4.0,12,13.536522
5.0,17,13.556524
5.0,15,13.574526
3.0,27,13.606491
2.0,11,13.619493
4.0,30,13.655493
3.0,20,13.679516
4.0,15,13.69752
4.0,31,13.733524
3.0,7,13.742523
4.0,10,13.754521
6.0,43,13.80549
4.0,15,13.82349
3.0,11,13.83749
2.0,15,13.85549
2.0,7,13.865491
4.0,12,13.880488
4.0,11,13.893523
2.0,19,13.916529
4.0,28,13.949521
3.0,5,13.956517
5.0,18,13.97752
2.0,3,13.981522
4.0,15,13.999517
3.0,15,14.017522
3.0,24,14.04553
2.0,7,14.05452
5.0,27,14.086521
3.0,27,14.117515
2.0,7,14.126523
6.0,32,14.163521
4.0,12,14.177521
3.0,23,14.206264
2.0,9,14.217266
2.0,6,14.228266
2.0,7,14.239265
2.0,7,14.248265
4.0,19,14.271264
4.0,23,14.299264
2.0,15,14.317264
3.0,14,14.334265
2.0,7,14.343264
4.0,18,14.365265
4.0,10,14.378264
2.0,19,14.401265
5.0,25,14.431264
1.0,17,14.452264
4.0,51,14.513264
5.0,15,14.531264
2.0,7,14.540264
3.0,7,14.549265
2.0,7,14.558264
3.0,10,14.571265
3.0,15,14.589265
2.0,7,14.598264
2.0,11,14.612264
4.0,12,14.627264
2.0,7,14.636264
5.0,22,14.663265
5.0,13,14.679264
4.0,36,14.722265
3.0,15,14.740264
5.0,43,14.792265
1.0,7,14.801264
3.0,19,14.824265
1.0,11,14.837264
4.0,11,14.851264
3.0,15,14.869264
4.0,16,14.889265
4.0,27,14.923261
4.0,47,14.980265
2.0,3,14.985264
4.0,12,14.999264
8.0,28,15.033264
2.0,3,15.038265
5.0,23,15.065265
3.0,11,15.079261
3.0,11,15.093261
2.0,3,15.097261
3.0,14,16.153951
4.0,17,16.173951
2.0,10,16.186956
3.0,10,16.198954
4.0,23,16.230954
9.0,38,16.279954
3.0,19,16.303952
3.0,21,16.328955
2.0,3,16.333955
5.0,19,16.356954
2.0,11,16.369955
4.0,27,16.402954
6.0,15,16.420954
2.0,15,16.439954
2.0,7,16.448955
5.0,12,16.462955
4.0,11,16.476954
4.0,16,16.497955
1.0,12,16.512954
4.0,15,16.531954
2.0,3,16.535954
4.0,26,16.567954
3.0,5,16.573954
3.0,37,16.619955
3.0,11,16.632955
3.0,22,16.659955
2.0,7,16.668955
4.0,19,16.691953
4.0,23,16.719954
5.0,20,16.743955
2.0,18,16.764955
4.0,8,16.775955
6.0,11,16.788954
9.0,20,16.813953
2.0,7,16.822953
2.0,15,16.840955
3.0,13,16.856955
4.0,15,16.874954
3.0,7,16.884954
3.0,11,16.897954
4.0,11,16.911954
2.0,11,16.925675
2.0,7,16.934675
3.0,6,16.942675
2.0,7,16.951675
2.0,3,16.955675
5.0,31,16.993674
3.0,15,17.011675
9.0,14,17.028676
3.0,11,17.041675
4.0,10,17.054675
3.0,11,17.068676
1.0,7,17.077675
3.0,7,17.086675
3.0,23,17.113675
3.0,5,17.120675
3.0,15,17.138675
2.0,3,17.143675
5.0,7,17.151675
8.0,22,17.178675
5.0,8,17.188678
4.0,19,17.211678
3.0,17,17.232673
3.0,7,17.241703
1.0,3,17.245676
9.0,20,17.269706
5.0,19,17.291707
4.0,15,17.309705
3.0,21,17.333705
2.0,9,17.345611
5.0,13,17.361638
3.0,7,17.370643
5.0,25,17.40064
3.0,11,17.413641
3.0,7,17.422642
3.0,7,17.430642
4.0,11,17.44364
3.0,7,17.45264
4.0,35,17.493642
1.0,6,17.501641
9.0,25,17.531641
11.0,28,17.563645
4.0,6,17.571641
3.0,23,17.598641
3.0,5,17.604641
3.0,23,17.63164
2.0,18,17.65364
3.0,6,17.660642
3.0,11,17.674635
6.0,14,17.690643
4.0,15,17.70864
5.0,23,17.73561
4.0,16,17.754643
3.0,19,17.777643
6.0,20,17.80164
3.0,27,17.833613
4.0,11,17.847613
2.0,23,17.875613
7.0,22,17.901613
3.0,19,17.924613
4.0,27,17.957613
3.0,7,17.966613
2.0,7,17.975613
4.0,11,17.989613
2.0,3,17.993613
11.0,43,18.045613
7.0,19,18.068613
3.0,27,18.103611
4.0,11,18.120611
4.0,11,18.13461
4.0,18,18.160611
2.0,23,18.190185
3.0,15,18.209187
3.0,11,18.22221
6.0,11,18.236214
2.0,3,18.240214
4.0,13,18.256188
3.0,9,18.268188
2.0,11,18.281188
3.0,14,18.299188
16.0,64,18.376187
2.0,15,18.395188
4.0,12,18.410188
2.0,7,18.419188
3.0,34,18.460188
3.0,23,18.488708
5.0,20,18.512708
3.0,23,18.539732
4.0,23,18.566736
3.0,19,18.589736
4.0,15,18.606706
4.0,35,18.648735
12.0,25,19.708382
4.0,7,19.718382
3.0,7,19.728382
4.0,19,19.755378
2.0,3,19.760378
5.0,15,19.780376
10.0,34,19.831379
5.0,17,19.852376
7.0,18,19.874376
4.0,14,19.892411
3.0,21,19.917409
4.0,21,19.942409
5.0,13,19.95741
2.0,11,19.971408
6.0,27,20.003409
4.0,9,20.01441
2.0,7,20.02241
4.0,6,20.030409
4.0,15,20.048408
3.0,15,20.066379
5.0,37,20.111409
4.0,13,20.127409
3.0,18,20.148412
3.0,19,20.171404
4.0,23,20.199409
1.0,16,20.218379
5.0,11,20.232409
5.0,15,20.250409
9.0,19,20.273413
1.0,3,20.277408
3.0,9,20.288413
2.0,7,20.297406
5.0,75,20.384409
4.0,11,20.398406
4.0,11,20.411411
4.0,7,20.420409
4.0,19,20.443417
2.0,3,20.447409
4.0,7,20.456409
3.0,7,20.464414
2.0,15,20.483382
4.0,14,20.501379
2.0,7,20.510377
5.0,19,20.533377
8.0,22,20.563119
4.0,10,20.57612
5.0,15,20.597115
3.0,7,20.606117
5.0,22,20.633149
4.0,18,20.655142
4.0,11,20.668148
3.0,11,20.682147
3.0,15,20.700141
4.0,11,20.714146
3.0,6,20.722117
2.0,7,20.733117
3.0,7,20.744118
12.0,27,20.783115
3.0,9,20.79412
2.0,7,20.803146
3.0,15,20.821147
3.0,15,20.843117
4.0,7,20.852116
10.0,46,20.909116
3.0,9,20.921147
2.0,15,20.93912
7.0,14,20.957119
3.0,23,20.984117
3.0,11,20.998116
12.0,27,21.031116
2.0,7,21.040116
1.0,5,21.046116
8.0,26,21.077116
4.0,31,21.115116
3.0,15,21.134115
6.0,12,21.148116
2.0,27,21.181119
3.0,11,21.19512
5.0,12,21.210119
4.0,6,21.21712
10.0,19,21.241115
5.0,24,21.269117
2.0,7,21.278116
9.0,15,21.297117
2.0,7,21.306116
4.0,27,21.339116
7.0,14,21.357115
4.0,10,21.370114
5.0,16,21.391115
11.0,39,21.438116
2.0,11,21.451147
4.0,8,21.461145
5.0,19,21.483147
3.0,27,21.515148
3.0,35,21.556146
3.0,15,21.574147
4.0,31,21.610147
4.0,13,21.626146
3.0,19,21.648149
5.0,24,21.676926
4.0,11,21.690926
3.0,13,21.706926
4.0,15,21.724926
4.0,7,21.733926
2.0,7,21.742926
3.0,7,21.751926
3.0,14,21.768926
2.0,27,21.801926
5.0,14,21.819926
7.0,30,21.855926
6.0,20,21.879926
3.0,25,21.909925
3.0,11,21.922925
3.0,7,21.931926
2.0,7,21.940926
5.0,27,21.973926
4.0,23,22.000925
11.0,17,22.021926
10.0,29,22.055954
5.0,27,22.087954
1.0,6,22.094953
2.0,11,22.108957
2.0,7,22.116959
3.0,16,22.136929
4.0,35,22.178957
4.0,6,22.186955
4.0,14,22.203926
9.0,19,23.28766
3.0,23,23.32166
5.0,14,23.33866
4.0,12,23.353661
4.0,11,23.37066
9.0,22,23.400662
4.0,15,23.42266
3.0,7,23.43366
1.0,3,23.439663
4.0,13,23.45966
2.0,15,23.479662
8.0,35,23.520984
5.0,10,23.532984
8.0,27,23.564014
3.0,19,23.586985
4.0,19,23.610016
2.0,19,23.633987
3.0,9,23.645986
4.0,29,23.680986
9.0,30,23.71799
5.0,20,23.742771
3.0,5,23.749771
3.0,10,23.761771
3.0,11,23.775771
4.0,15,23.793771
2.0,7,23.802771
4.0,27,23.835768
4.0,24,23.864767
9.0,25,23.894768
12.0,70,23.977799
3.0,6,23.984793
4.0,11,23.998799
5.0,20,24.021797
8.0,26,24.052801
3.0,12,24.066776
3.0,8,24.076767
5.0,7,24.085799
4.0,13,24.101792
3.0,15,24.118801
4.0,19,24.141798
4.0,14,24.157768
4.0,23,24.184793
3.0,35,24.225798
3.0,7,24.234798
2.0,23,24.261799
4.0,13,24.277797
3.0,7,24.285793
6.0,21,24.310798
4.0,7,24.319798
4.0,16,24.338798
3.0,15,24.356767
3.0,23,24.384767
3.0,19,24.407767
9.0,23,24.436767
4.0,10,24.448767
4.0,20,24.472767
3.0,19,24.495769
5.0,18,24.517767
5.0,22,24.544768
2.0,13,24.560767
5.0,20,24.584767
5.0,15,24.603767
8.0,18,24.625768
5.0,18,24.648798
2.0,3,24.652798
2.0,3,24.656798
3.0,11,24.670795
6.0,15,24.687797
1.0,3,24.6928
3.0,7,24.700798
2.0,7,24.709798
1.0,5,24.715795
3.0,7,24.724802
3.0,7,24.7338
4.0,6,24.740804
2.0,7,24.7498
5.0,13,24.764797
1.0,15,24.782795
3.0,7,24.791798
4.0,11,24.8048
3.0,15,24.822798
3.0,15,24.840794
7.0,14,24.857801
2.0,11,24.870797
4.0,15,24.888793
3.0,23,24.915798
2.0,3,24.919811
6.0,18,24.940798
6.0,17,24.960802
3.0,8,24.970798
4.0,27,25.002804
8.0,24,25.030798
3.0,15,25.048797
2.0,11,25.061798
8.0,15,25.079793
5.0,11,25.093641
4.0,9,25.10464
12.0,30,25.13964
12.0,34,25.17964
3.0,8,25.188642
10.0,22,25.21564
4.0,8,25.22564
3.0,27,25.256638
3.0,10,25.26864
7.0,31,25.304637
4.0,11,25.318643
2.0,6,25.326639
8.0,22,25.353613
10.0,46,25.407613
5.0,24,25.437613
8.0,14,25.454613
2.0,26,25.485613
12.0,42,25.535612
2.0,11,25.549613
4.0,29,25.584613
3.0,5,25.591613
11.0,38,25.636613
4.0,26,25.668613
1.0,2,25.671613
2.0,10,25.683613
2.0,3,25.688612
10.0,21,25.713612
3.0,23,25.741613
4.0,9,25.752613
2.0,11,25.766613
5.0,18,26.858323
2.0,7,26.869324
2.0,7,26.878323
7.0,15,26.898322
2.0,19,26.925323
7.0,39,26.977245
9.0,14,26.997244
4.0,23,27.026245
10.0,18,27.047245
3.0,15,27.066244
3.0,12,27.081246
3.0,11,27.095246
3.0,9,27.106246
4.0,12,27.121244
5.0,16,27.141247
2.0,11,27.154244
3.0,29,27.190244
2.0,7,27.199247
2.0,3,27.204246
7.0,14,27.222245
2.0,7,27.231245
4.0,7,27.240245
1.0,6,27.248246
4.0,11,27.26225
3.0,5,27.269249
11.0,34,27.317279
3.0,11,27.330247
4.0,16,27.350758
2.0,7,27.36076
3.0,6,27.367758
4.0,19,27.390788
5.0,13,27.40676
8.0,18,27.427787
2.0,15,27.445791
7.0,18,27.467794
5.0,15,27.485788
2.0,7,27.494787
2.0,3,27.498788
9.0,22,27.524788
2.0,7,27.533783
3.0,29,27.57476
2.0,11,27.592787
7.0,14,27.608758
8.0,22,27.634788
3.0,11,27.649761
9.0,17,27.671755
6.0,27,27.703788
3.0,15,27.723787
3.0,7,27.732787
4.0,8,27.742789
4.0,17,27.762787
2.0,9,27.773787
3.0,7,27.782787
6.0,29,27.816787
2.0,7,27.825755
9.0,18,27.847758
2.0,21,27.87376
3.0,14,27.890761
4.0,9,27.901783
3.0,8,27.911785
2.0,7,27.92176
2.0,19,27.944761
2.0,3,27.948761
9.0,18,27.970761
2.0,7,27.97976
3.0,27,28.01276
5.0,14,28.031763
3.0,13,28.049307
3.0,19,28.073307
5.0,13,28.090307
12.0,30,28.126334
3.0,6,28.133335
2.0,11,28.146334
10.0,20,28.170334
7.0,14,28.187333
8.0,14,28.204305
3.0,10,28.217334
5.0,19,28.239337
3.0,17,28.259341
2.0,7,28.268334
3.0,18,28.289334
9.0,19,28.312334
2.0,19,28.334334
6.0,11,28.348334
5.0,19,28.370335
6.0,19,28.393334
3.0,23,28.420324
3.0,15,28.438333
3.0,12,28.452334
6.0,21,28.477331
8.0,31,28.51314
2.0,7,28.522144
3.0,20,28.546144
2.0,12,28.560147
7.0,31,28.596148
4.0,9,28.607149
3.0,17,28.627145
1.0,2,28.630143
4.0,15,28.648144
2.0,7,28.65714
2.0,11,28.670115
4.0,9,28.681149
9.0,25,28.711146
5.0,16,28.730143
5.0,12,28.744143
1.0,3,28.748138
3.0,13,28.764144
3.0,4,28.769144
8.0,18,28.790144
1.0,5,28.797146
5.0,19,28.819143
2.0,7,28.828144
2.0,7,28.837142
6.0,15,28.855146
9.0,18,28.876114
5.0,12,28.891144
2.0,7,28.900144
9.0,21,28.925111
8.0,18,28.946139
3.0,31,28.983139
3.0,8,28.993144
4.0,15,29.010144
3.0,16,29.030144
4.0,11,29.043146
6.0,19,29.066144
2.0,6,29.073112
3.0,27,29.105147
3.0,9,29.116143
3.0,11,29.129144
5.0,14,29.146144
4.0,14,29.162143
5.0,14,29.179143
4.0,10,29.191146
7.0,19,29.213959
1.0,4,29.218964
2.0,11,29.232964
9.0,21,29.257934
9.0,23,29.284964
5.0,8,29.294964
2.0,34,29.333969
2.0,7,29.342971
2.0,7,29.351968
12.0,64,30.481448
12.0,51,30.545141
9.0,14,30.564142
2.0,11,30.578141
4.0,22,30.605141
7.0,12,30.620142
7.0,10,30.633142
3.0,10,30.645141
4.0,11,30.659141
9.0,14,30.676142
4.0,11,30.691142
12.0,56,30.758649
3.0,9,30.769649
4.0,26,30.801652
4.0,12,30.816654
2.0,3,30.820652
4.0,27,30.852682
3.0,5,30.859651
4.0,10,30.87168
4.0,12,30.885679
4.0,10,30.897679
4.0,31,30.934679
4.0,9,30.94568
8.0,18,30.966676
3.0,35,31.007677
3.0,15,31.02568
3.0,19,31.04768
9.0,14,31.065679
6.0,19,31.087678
11.0,23,31.114675
3.0,6,31.122679
2.0,7,31.13168
3.0,12,31.14568
4.0,9,31.156682
1.0,11,31.169675
3.0,5,31.17568
3.0,15,31.19368
7.0,14,31.211675
4.0,31,31.247674
2.0,7,31.256681
4.0,10,31.268679
3.0,7,31.276679
3.0,10,31.288649
2.0,22,31.31465
9.0,17,31.334678
1.0,5,31.34168
8.0,18,31.36268
3.0,10,31.37468
8.0,14,31.391679
8.0,18,31.412682
3.0,15,31.430677
8.0,25,31.459679
2.0,3,31.464683
3.0,11,31.477679
7.0,18,31.49865
4.0,12,31.513679
2.0,11,31.52768
4.0,12,31.541679
2.0,6,31.548649
3.0,9,31.559679
8.0,18,31.580684
4.0,7,31.589679
3.0,5,31.595675
5.0,15,31.61468
9.0,22,31.640649
10.0,14,31.657679
11.0,92,31.76368
8.0,14,31.780679
4.0,27,31.811679
5.0,17,31.832682
3.0,7,31.84068
3.0,5,31.847679
3.0,15,31.865686
4.0,14,31.88268
10.0,42,31.932482
3.0,11,31.947453
1.0,3,31.951453
7.0,14,31.969454
2.0,17,31.989453
3.0,15,32.008453
3.0,9,32.020453
5.0,13,32.036453
3.0,9,32.047453
7.0,14,32.064453
2.0,23,32.092453
2.0,11,32.106454
5.0,15,32.125453
10.0,32,32.163453
3.0,19,32.187454
3.0,7,32.196453
4.0,8,32.206453
3.0,6,32.214453
1.0,3,32.218453
4.0,14,32.236456
10.0,24,32.26545
4.0,22,32.29145
3.0,13,32.30745
3.0,29,32.34245
6.0,27,32.375197
4.0,14,32.392197
4.0,11,32.406197
2.0,40,32.454197
2.0,7,32.463197
3.0,9,32.474196
9.0,35,32.516197
9.0,14,32.533197
3.0,43,32.585197
8.0,15,32.603197
11.0,29,32.638197
4.0,15,32.657197
4.0,27,32.689197
3.0,7,32.698197
3.0,11,32.712197
4.0,6,32.720197
1.0,3,32.724197
4.0,15,32.742196
8.0,14,32.759197
2.0,11,32.773225
9.0,19,32.797227
7.0,14,32.814227
4.0,14,32.832204
2.0,19,32.855204
3.0,15,32.874204
3.0,11,32.8872
3.0,7,32.896204
9.0,14,32.914201
2.0,7,34.008813
8.0,42,34.057812
8.0,14,34.075813
5.0,11,34.088813
8.0,14,34.105812
5.0,15,34.123813
2.0,7,34.132812
3.0,4,34.137812
4.0,8,34.150813
4.0,12,34.167812
4.0,14,34.185813
3.0,5,34.193815
3.0,19,34.218818
3.0,10,34.231818
2.0,3,34.235818
11.0,34,34.275818
3.0,11,34.288818
11.0,84,34.389817
11.0,80,34.498814
3.0,6,34.506817
7.0,14,34.523818
3.0,9,34.534818
2.0,7,34.543818
3.0,7,34.552818
4.0,9,34.563818
2.0,7,34.572818
3.0,7,34.580817
3.0,4,34.586818
10.0,38,34.631818
2.0,7,34.640818
3.0,14,34.657568
8.0,15,34.676568
9.0,16,34.695571
3.0,7,34.704568
2.0,7,34.713595
4.0,19,34.736601
2.0,11,34.7496
4.0,7,34.758603
3.0,11,34.772601
3.0,12,34.786573
3.0,11,34.800602
4.0,19,34.8236
7.0,10,34.835601
2.0,3,34.839601
11.0,19,34.8626
4.0,7,34.871596
3.0,6,34.8786
4.0,21,34.903601
9.0,25,34.933601
4.0,12,34.949572
12.0,48,35.005573
12.0,112,35.135573
4.0,19,35.158573
3.0,9,35.169573
5.0,27,35.201573
4.0,15,35.220574
12.0,45,35.272573
2.0,3,35.276573
4.0,18,35.297573
10.0,32,35.335573
8.0,14,35.352573
4.0,23,35.380574
2.0,11,35.393573
10.0,17,35.414573
7.0,19,35.437573
8.0,22,35.463573
2.0,11,35.476573
13.0,60,35.546573
12.0,31,35.583572
3.0,11,35.596573
4.0,14,35.613575
4.0,20,35.637573
3.0,27,35.669573
5.0,27,35.701573
4.0,20,35.725573
2.0,7,35.734573
5.0,17,35.754573
4.0,19,35.776573
4.0,11,35.790573
3.0,7,35.799574
3.0,9,35.810573
10.0,79,35.902573
9.0,14,35.919573
3.0,5,35.925573
8.0,18,35.947573
4.0,7,35.956573
3.0,5,35.962573
10.0,13,35.978573
9.0,17,35.999573
3.0,4,36.004573
11.0,40,36.054334
2.0,7,36.063327
3.0,9,36.075305
2.0,11,36.088329
4.0,15,36.107306
3.0,19,36.130306
4.0,8,36.140333
5.0,10,36.153335
8.0,14,36.170333
6.0,13,36.186334
7.0,14,36.203335
8.0,10,36.216333
8.0,14,36.233339
3.0,15,36.252339
10.0,15,36.270329
9.0,19,36.293329
4.0,8,36.303329
3.0,8,36.313329
7.0,14,36.331334
2.0,3,36.335334
3.0,11,36.349306
5.0,16,36.369308
7.0,14,36.386304
1.0,3,36.391306
3.0,21,36.416306
2.0,7,36.425306
8.0,14,36.443306
8.0,22,36.470777
2.0,7,36.480777
6.0,31,37.635689
5.0,15,37.657684
3.0,7,37.667684
4.0,18,37.689685
2.0,3,37.693684
7.0,10,37.705684
10.0,12,37.721684
2.0,7,37.730684
13.0,25,37.759684
5.0,43,37.810684
1.0,3,37.814684
12.0,123,37.961688
10.0,24,37.990685
8.0,22,38.016716
2.0,10,38.029718
4.0,23,38.056716
7.0,10,38.069689
3.0,10,38.081716
7.0,14,38.098721
3.0,7,38.107719
4.0,6,38.114723
8.0,14,38.131712
2.0,3,38.136711
11.0,33,38.175718
4.0,23,38.202719
3.0,9,38.213716
8.0,14,38.230719
9.0,14,38.248716
4.0,19,38.270717
13.0,33,38.309687
3.0,11,38.323716
2.0,7,38.332716
11.0,59,38.401711
7.0,11,38.415716
2.0,3,38.419687
3.0,15,38.438716
11.0,25,38.467716
5.0,14,38.484714
3.0,7,38.493719
8.0,18,38.515717
9.0,15,38.533568
8.0,23,38.561566
8.0,26,38.592565
3.0,5,38.599563
4.0,9,38.610543
10.0,18,38.632571
10.0,25,38.662571
5.0,27,38.694571
3.0,7,38.703542
8.0,10,38.715572
3.0,11,38.729584
3.0,20,38.753149
4.0,12,38.768144
12.0,28,38.802149
2.0,3,38.806149
4.0,7,38.815149
5.0,18,38.837153
3.0,11,38.850157
2.0,7,38.859149
5.0,7,38.868149
10.0,25,38.898149
8.0,17,38.919149
11.0,39,38.965153
1.0,7,38.974145
9.0,15,38.993149
2.0,7,39.002149
7.0,10,39.014148
9.0,18,39.036151
7.0,10,39.048149
4.0,14,39.065153
4.0,15,39.083149
3.0,5,39.09012
3.0,8,39.100146
3.0,18,39.12115
10.0,23,39.14815
3.0,15,39.167149
3.0,19,39.190148
8.0,26,39.221155
2.0,19,39.24415
9.0,18,39.265149
8.0,14,39.282148
3.0,13,39.298149
3.0,7,39.306149
11.0,124,39.451149
4.0,20,39.475118
10.0,44,39.53112
9.0,18,39.554123
4.0,27,39.59112
7.0,10,39.60412
9.0,20,39.628145
7.0,18,39.651149
3.0,15,39.669153
8.0,18,39.691119
3.0,5,39.697119
12.0,25,39.727119
7.0,19,39.750118
1.0,8,39.760119
10.0,34,39.800119
3.0,8,39.811119
11.0,44,39.863118
11.0,90,39.967119
5.0,22,39.993119
7.0,16,40.012119
2.0,21,40.037119
8.0,10,40.049119
10.0,26,40.080119
8.0,15,40.097862
10.0,49,41.236641
11.0,168,41.436644
2.0,11,41.449677
10.0,30,41.48653
3.0,5,41.492527
3.0,7,41.502528
8.0,26,41.533529
3.0,11,41.547523
3.0,9,41.558524
3.0,24,41.587529
2.0,7,41.59653
3.0,8,41.606528
2.0,3,41.610529
2.0,11,41.623534
3.0,10,41.636501
7.0,14,41.653527
8.0,10,41.665529
3.0,12,41.680501
2.0,7,41.689498
12.0,31,41.726498
7.0,10,41.738498
11.0,23,41.765498
4.0,11,41.779498
9.0,14,41.796498
9.0,14,41.813498
8.0,10,41.825498
3.0,9,41.836498
7.0,22,41.862498
11.0,37,41.905528
8.0,14,41.922529
8.0,19,41.945525
4.0,11,41.95953
3.0,11,41.972523
9.0,15,41.990542
11.0,30,42.026529
11.0,185,42.241528
7.0,14,42.258528
9.0,18,42.280498
4.0,10,42.292527
7.0,10,42.304528
10.0,26,42.335523
9.0,13,42.351496
7.0,14,42.368529
3.0,15,42.387522
8.0,11,42.400498
9.0,18,42.422528
5.0,11,42.436531
4.0,8,42.446531
9.0,25,42.475529
2.0,19,42.499527
3.0,4,42.505527
3.0,27,42.537535
10.0,25,42.566528
9.0,18,42.58853
4.0,13,42.604522
3.0,11,42.617527
8.0,47,42.67353
10.0,85,42.772529
7.0,28,42.807048
4.0,10,42.819048
4.0,7,42.828048
3.0,7,42.837048
4.0,15,42.85505
9.0,18,42.877047
3.0,6,42.884048
13.0,53,42.947047
3.0,15,42.965047
8.0,14,42.982042
8.0,14,42.999052
7.0,10,43.012048
2.0,7,43.021048
9.0,11,43.03405
3.0,7,43.043043
3.0,8,43.053048
8.0,18,43.075048
11.0,69,43.156048
11.0,49,43.213048
7.0,10,43.225048
8.0,14,43.24205
4.0,15,43.260047
11.0,42,43.310043
4.0,13,43.325049
9.0,14,43.342048
3.0,5,43.349048
2.0,23,43.376048
4.0,8,43.387047
9.0,20,43.410043
9.0,10,43.423047
5.0,11,43.43605
9.0,34,43.476043
2.0,11,43.48905
3.0,7,43.498051
5.0,31,43.535048
3.0,28,43.567436
5.0,20,43.591408
2.0,7,43.60044
2.0,15,43.618436
11.0,27,44.762153
12.0,48,44.824152
10.0,71,44.913152
4.0,23,44.944153
11.0,159,45.131159
12.0,21,45.157184
8.0,18,45.178184
10.0,13,45.195186
3.0,7,45.203187
7.0,14,45.221156
7.0,10,45.233187
11.0,18,45.255185
4.0,8,45.265187
7.0,14,45.282185
2.0,3,45.286185
7.0,14,45.303185
4.0,11,45.317187
8.0,23,45.344186
1.0,7,45.353185
4.0,9,45.365187
2.0,9,45.376184
8.0,14,45.393186
12.0,46,45.447185
10.0,64,45.523158
3.0,4,45.528158
4.0,5,45.534158
11.0,116,45.670919
8.0,30,45.705919
10.0,137,45.864944
3.0,29,45.898947
2.0,11,45.912948
9.0,11,45.925921
10.0,17,45.946947
8.0,15,45.964949
4.0,5,45.97095
8.0,26,46.00195
10.0,13,46.017949
3.0,11,46.030948
3.0,11,46.043949
3.0,19,46.066949
4.0,15,46.08792
3.0,13,46.104919
3.0,5,46.111919
4.0,7,46.119919
10.0,31,46.156917
3.0,6,46.163919
3.0,6,46.171919
3.0,11,46.184919
3.0,11,46.199919
3.0,7,46.208919
9.0,15,46.226919
3.0,7,46.235919
3.0,7,46.244949
3.0,8,46.254949
10.0,59,46.323952
9.0,16,46.343954
2.0,7,46.35295
3.0,8,46.363949
3.0,8,46.373949
2.0,3,46.377949
9.0,18,46.39995
3.0,19,46.421919
3.0,5,46.428951
7.0,23,46.455948
2.0,14,46.472952
3.0,10,46.484945
3.0,5,46.491922
11.0,28,46.524951
9.0,13,46.540949
3.0,11,46.554949
3.0,8,46.564949
7.0,10,46.576955
8.0,18,46.598949
8.0,22,46.624954
10.0,15,46.642949
3.0,6,46.650919
3.0,7,46.659919
4.0,16,46.678919
12.0,41,46.726918
9.0,20,46.750919
3.0,9,46.761919
8.0,27,46.793919
4.0,7,46.802919
9.0,13,46.818918
2.0,7,46.826919
4.0,8,46.836919
9.0,16,46.856919
11.0,19,46.878919
6.0,23,46.905919
3.0,4,46.911919
3.0,7,46.920703
9.0,19,46.943703
4.0,8,46.953703
5.0,12,46.968703
12.0,36,47.010704
4.0,15,47.029699
8.0,18,47.050699
9.0,12,47.065707
3.0,15,47.083703
7.0,10,47.096676
7.0,10,47.108676
8.0,14,47.125676
2.0,7,47.134676
10.0,40,47.182677
4.0,7,47.191677
11.0,52,48.392675
4.0,12,48.410674
8.0,14,48.427675
3.0,5,48.433675
2.0,7,48.442676
10.0,23,48.470676
2.0,7,48.481676
4.0,18,48.507675
3.0,6,48.515676
10.0,22,48.54442
7.0,18,48.56542
4.0,6,48.57542
7.0,10,48.58742
8.0,14,48.60542
9.0,23,48.63442
3.0,10,48.646421
7.0,10,48.659422
11.0,29,48.693422
11.0,73,48.778423
7.0,10,48.790422
4.0,11,48.804422
10.0,17,48.824422
11.0,86,48.924423
7.0,14,48.941423
10.0,86,49.041423
3.0,5,49.048423
12.0,37,49.092423
7.0,10,49.105418
10.0,12,49.119445
11.0,18,49.14142
4.0,15,49.15942
9.0,18,49.18142
3.0,23,49.208423
11.0,25,49.239423
2.0,7,49.247423
4.0,8,49.257422
9.0,19,49.280422
10.0,39,49.325423
8.0,19,49.348423
3.0,18,49.37045
3.0,5,49.376452
7.0,10,49.389445
3.0,9,49.400445
4.0,15,49.418449
7.0,10,49.43045
12.0,41,49.479447
8.0,14,49.496449
10.0,16,49.516452
3.0,8,49.526457
3.0,7,49.535449
2.0,11,49.54845
7.0,14,49.56545
2.0,7,49.574445
2.0,5,49.580446
8.0,10,49.593419
11.0,31,49.63042
11.0,66,49.707167
7.0,15,49.725167
7.0,10,49.738167
13.0,17,49.760168
7.0,10,49.774169
2.0,7,49.787168
7.0,10,49.806166
9.0,12,49.83117
7.0,10,49.850168
2.0,10,49.869199
7.0,14,49.889166
3.0,6,49.898167
3.0,8,49.909166
10.0,16,49.932169
2.0,11,49.946167
10.0,12,49.96117
5.0,15,49.97917
11.0,26,50.010169
1.0,7,50.019167
8.0,18,50.041167
8.0,42,50.092167
4.0,7,50.101167
10.0,18,50.123167
8.0,10,50.135167
11.0,22,50.161167
2.0,10,50.174167
11.0,25,50.203167
8.0,18,50.225167
7.0,10,50.237167
12.0,46,50.291167
7.0,10,50.303167
9.0,15,50.322169
11.0,42,50.371167
5.0,30,50.407167
2.0,7,50.416167
8.0,27,50.447167
7.0,14,50.464167
3.0,19,50.488167
10.0,18,50.510167
8.0,10,50.522167
3.0,11,50.536167
7.0,10,50.548167
8.0,14,50.565167
7.0,10,50.577167
4.0,18,50.598167
7.0,10,50.611167
3.0,4,50.616167
8.0,18,50.638167
4.0,11,50.651165
9.0,15,50.669167
11.0,21,50.695167
10.0,36,50.737167
8.0,14,50.754167
3.0,14,50.771167
10.0,16,50.791168
3.0,10,50.803167
2.0,4,50.808167
7.0,26,50.839167
3.0,4,50.845167
9.0,14,50.86217
8.0,14,50.87917
10.0,18,50.90117
10.0,19,52.012003
7.0,10,52.02697
3.0,6,52.03397
7.0,10,52.047003
3.0,15,52.06497
2.0,11,52.082003
9.0,15,52.100975
7.0,10,52.113009
11.0,43,52.174002
3.0,7,52.18497
9.0,18,52.207
11.0,70,52.290974
9.0,16,52.309998
10.0,25,52.340004
3.0,5,52.347003
11.0,19,52.369848
8.0,18,52.391848
3.0,14,52.408848
10.0,22,52.435848
10.0,26,52.466851
9.0,12,52.480847
11.0,21,52.506842
7.0,10,52.51885
9.0,14,52.536848
3.0,10,52.548845
11.0,65,52.624848
9.0,14,52.641843
10.0,24,52.67085
10.0,15,52.688819
9.0,11,52.702818
10.0,13,52.717849
7.0,14,52.734847
9.0,11,52.748842
10.0,16,52.767843
4.0,6,52.775848
2.0,7,52.784848
4.0,28,52.816848
9.0,13,52.832818
11.0,34,52.872818
3.0,8,52.882847
3.0,8,52.892817
11.0,45,52.944848
9.0,10,52.957848
5.0,19,52.979847
7.0,10,52.991847
11.0,17,53.011843
10.0,16,53.030843
9.0,26,53.061848
3.0,7,53.070847
8.0,18,53.092848
3.0,6,53.099847
4.0,7,53.10885
9.0,15,53.126851
3.0,7,53.135843
8.0,18,53.157848
9.0,11,53.171847
8.0,14,53.188848
2.0,11,53.202817
3.0,5,53.209816
2.0,11,53.223821
7.0,10,53.23582
11.0,28,53.26882
3.0,19,53.291848
9.0,15,53.30985
7.0,14,53.326847
8.0,10,53.338848
7.0,10,53.351821
8.0,14,53.36882
10.0,19,53.39182
7.0,14,53.408817
11.0,22,53.435817
8.0,14,53.452817
10.0,67,53.530848
12.0,65,53.608228
9.0,15,53.627228
10.0,36,53.670228
10.0,53,53.739259
3.0,11,53.752253
11.0,48,53.809225
11.0,16,53.830261
9.0,35,53.872258
9.0,18,53.893229
9.0,13,53.909258
4.0,15,53.928229
10.0,67,54.006258
10.0,48,54.062598
3.0,7,54.072597
9.0,11,54.085625
7.0,10,54.097621
7.0,10,54.109625
11.0,138,54.278595
7.0,18,54.299626
8.0,10,54.311595
11.0,102,54.435628
13.0,21,54.460625
8.0,10,54.472625
1.0,3,54.477625
