#{"t_start": 1743793487.1829495, "env_id": "sneaky_enemies"}
r,l,t
2.0,19,0.038671
7.0,28,0.081783
3.0,11,0.095291
2.0,7,0.104305
3.0,39,0.154852
3.0,15,0.179882
4.0,13,0.1949
1.0,7,0.206933
3.0,15,0.224968
3.0,23,0.253506
1.0,3,0.257508
3.0,19,0.280033
2.0,3,0.285038
2.0,3,0.28904
2.0,7,0.298582
5.0,47,0.356049
3.0,15,0.376055
2.0,7,0.384564
2.0,7,0.394073
2.0,6,0.401673
2.0,3,0.406217
1.0,3,0.410743
10.0,47,0.4689
2.0,7,0.477734
1.0,3,0.483947
3.0,11,0.498459
4.0,15,0.517118
1.0,5,0.523655
3.0,7,0.534174
2.0,19,0.556778
3.0,22,0.588262
2.0,27,0.623021
2.0,6,0.630023
1.0,5,0.637044
1.0,7,0.646555
10.0,46,0.708372
4.0,11,0.722996
2.0,7,0.732117
2.0,7,0.741662
2.0,7,0.750841
4.0,14,0.768324
2.0,32,0.808701
4.0,23,0.837079
1.0,13,0.852846
4.0,19,0.876137
1.0,11,0.888705
2.0,23,0.919079
3.0,15,0.936688
1.0,11,0.950884
2.0,7,0.960925
2.0,7,0.968936
1.0,3,0.974059
6.0,78,1.067519
3.0,19,1.091711
4.0,16,1.111732
1.0,15,1.135386
1.0,6,1.142908
4.0,7,1.152424
1.0,9,1.163992
2.0,17,1.184589
4.0,9,1.196128
1.0,4,1.202679
3.0,15,1.221881
2.0,27,1.257581
2.0,11,1.271192
3.0,11,1.284771
2.0,7,1.295274
3.0,7,1.305305
4.0,11,1.318829
2.0,6,1.327343
2.0,11,1.341379
2.0,27,1.375945
2.0,3,1.380425
2.0,3,1.384458
2.0,15,1.403068
1.0,7,1.412151
2.0,27,1.444007
2.0,19,1.469729
4.0,41,1.520642
1.0,7,1.530158
2.0,11,1.544681
4.0,18,1.565796
2.0,11,1.579973
3.0,15,1.597231
3.0,29,1.63433
3.0,11,1.647898
3.0,7,1.65715
3.0,7,1.669697
4.0,35,1.712861
5.0,15,1.731026
4.0,16,1.751228
4.0,11,1.764831
4.0,15,1.783177
3.0,7,1.792743
3.0,24,1.820006
3.0,8,1.830843
1.0,11,1.844035
1.0,4,1.849897
3.0,11,1.864712
1.0,5,1.871223
3.0,19,1.895267
2.0,7,1.904783
2.0,7,1.913817
2.0,15,1.931845
2.0,23,1.961408
6.0,45,2.015511
3.0,16,2.035548
4.0,19,2.05859
3.0,15,2.078213
4.0,26,2.108787
2.0,19,2.134396
1.0,7,2.142975
4.0,115,2.278239
7.0,31,2.314994
6.0,45,2.368242
2.0,3,2.374783
5.0,19,2.397894
2.0,11,2.411717
3.0,23,2.438721
4.0,31,2.477138
4.0,71,2.560737
4.0,39,3.861817
1.0,5,3.87033
1.0,7,3.882855
2.0,7,3.891362
4.0,16,3.915914
4.0,8,3.927423
2.0,23,3.957957
4.0,7,3.968469
6.0,17,3.991004
3.0,14,4.014558
6.0,23,4.049091
2.0,23,4.078498
5.0,31,4.118924
2.0,3,4.126464
3.0,7,4.134975
3.0,11,4.148437
1.0,3,4.153012
3.0,11,4.168449
3.0,15,4.187485
1.0,5,4.194003
2.0,7,4.20252
11.0,42,4.255421
3.0,23,4.284976
1.0,3,4.288975
3.0,19,4.314049
1.0,3,4.318049
4.0,27,4.356959
2.0,7,4.366425
2.0,11,4.381456
5.0,25,4.414541
3.0,23,4.443282
2.0,7,4.452838
1.0,6,4.46237
1.0,5,4.473411
1.0,19,4.497448
4.0,18,4.520502
2.0,11,4.536064
3.0,23,4.565229
3.0,19,4.59178
3.0,19,4.615514
3.0,11,4.629087
1.0,11,4.643104
3.0,23,4.67171
2.0,15,4.689754
2.0,7,4.698785
5.0,47,4.758424
3.0,11,4.772461
3.0,35,4.818052
3.0,11,4.833144
4.0,20,4.860819
2.0,15,4.879956
4.0,11,4.893479
1.0,7,4.902997
7.0,23,4.933716
5.0,17,4.955781
4.0,19,4.979922
2.0,7,4.988471
5.0,35,5.033583
4.0,12,5.049101
5.0,19,5.072681
4.0,23,5.105326
3.0,15,5.125576
1.0,7,5.135169
2.0,11,5.148737
4.0,13,5.166878
4.0,47,5.223892
4.0,31,5.260146
3.0,27,5.293907
4.0,31,5.33074
2.0,11,5.348288
2.0,3,5.351861
2.0,23,5.381483
2.0,6,5.388488
5.0,46,5.451807
1.0,6,5.459813
2.0,27,5.494969
9.0,18,5.516653
2.0,7,5.526227
3.0,15,5.54638
1.0,3,5.549919
3.0,26,5.58164
1.0,10,5.595158
1.0,4,5.600671
2.0,7,5.609189
9.0,25,5.642257
1.0,3,5.647257
4.0,15,5.668295
4.0,10,5.680318
2.0,6,5.688334
3.0,15,5.707883
3.0,7,5.717404
5.0,15,5.73644
5.0,37,5.783028
7.0,29,5.820618
5.0,23,5.84974
3.0,15,5.867887
4.0,27,5.901572
7.0,36,5.94907
3.0,8,5.960094
5.0,40,6.010197
1.0,3,6.01521
2.0,11,6.028727
3.0,7,6.038244
3.0,11,6.053284
4.0,10,6.065803
2.0,11,6.079828
2.0,11,6.094355
3.0,11,6.108385
5.0,31,6.14754
3.0,19,6.173237
1.0,5,6.179772
2.0,19,6.203919
4.0,20,6.227606
5.0,39,6.27537
4.0,8,6.285859
2.0,11,6.30198
1.0,7,6.311054
5.0,17,6.332195
2.0,12,6.347797
1.0,7,6.356369
3.0,30,6.393648
2.0,7,6.402218
3.0,12,6.423267
4.0,19,6.448384
1.0,6,6.456952
4.0,21,6.482641
4.0,45,6.537746
2.0,7,7.774976
4.0,7,7.786487
4.0,25,7.82002
3.0,15,7.843546
3.0,11,7.859057
4.0,34,7.906604
9.0,38,7.964676
4.0,22,7.992209
3.0,8,8.004786
2.0,11,8.018347
4.0,14,8.036424
5.0,31,8.07521
1.0,7,8.08675
5.0,15,8.105903
2.0,17,8.130047
2.0,7,8.145892
4.0,23,8.183136
2.0,15,8.201243
3.0,19,8.224572
3.0,7,8.234144
4.0,18,8.258091
8.0,18,8.280614
5.0,28,8.320368
8.0,16,8.34151
7.0,23,8.368683
3.0,15,8.388811
3.0,15,8.406843
2.0,9,8.418985
5.0,16,8.439107
4.0,17,8.459781
2.0,7,8.468821
4.0,15,8.486956
3.0,7,8.495304
1.0,9,8.508876
2.0,15,8.527195
4.0,18,8.550925
4.0,15,8.569918
4.0,7,8.578933
3.0,11,8.593971
3.0,7,8.603489
1.0,14,8.621045
3.0,27,8.655598
3.0,11,8.672384
3.0,7,8.681984
5.0,19,8.707051
10.0,46,8.770186
5.0,27,8.805755
3.0,19,8.830303
4.0,23,8.865042
3.0,10,8.878611
10.0,42,8.930303
4.0,11,8.944827
2.0,3,8.948827
3.0,19,8.973379
3.0,15,8.992414
2.0,11,9.008933
11.0,35,9.054538
4.0,19,9.077574
2.0,3,9.083091
3.0,4,9.089093
2.0,7,9.09761
4.0,11,9.11165
5.0,47,9.174781
1.0,3,9.179783
8.0,30,9.21751
1.0,7,9.227083
1.0,3,9.231621
3.0,7,9.241224
4.0,35,9.283426
1.0,6,9.29195
4.0,23,9.322024
3.0,4,9.328025
5.0,7,9.340049
3.0,15,9.358575
3.0,19,9.38413
4.0,11,9.397646
1.0,7,9.407164
3.0,10,9.421249
4.0,47,9.479839
1.0,3,9.484354
2.0,7,9.492873
2.0,11,9.510906
3.0,11,9.524938
4.0,12,9.53996
2.0,11,9.55549
4.0,14,9.572524
2.0,7,9.582043
3.0,14,9.600064
3.0,39,9.64773
4.0,15,9.667844
2.0,3,9.672362
3.0,7,9.680877
8.0,37,9.728457
4.0,11,9.742493
3.0,22,9.770035
3.0,11,9.784567
4.0,14,9.804595
3.0,27,9.843316
5.0,22,9.869952
3.0,11,9.885535
2.0,7,9.895053
4.0,15,9.913592
3.0,15,9.932639
2.0,14,9.95067
4.0,31,9.989734
5.0,15,10.011783
4.0,10,10.024554
4.0,15,10.046655
3.0,23,10.077235
4.0,11,10.091378
1.0,12,10.105953
5.0,15,10.125636
3.0,19,10.148814
2.0,6,10.156385
3.0,7,10.166932
3.0,7,10.17847
3.0,22,10.206099
6.0,15,10.224639
3.0,9,10.236155
10.0,45,10.289951
3.0,15,10.311028
4.0,15,10.330062
8.0,43,10.384166
1.0,11,10.397683
2.0,17,10.420761
4.0,16,10.440797
1.0,13,10.457314
3.0,11,10.47235
2.0,8,11.680134
7.0,18,11.703329
5.0,14,11.72086
3.0,7,11.732379
2.0,7,11.741884
3.0,11,11.760927
4.0,10,11.77444
1.0,3,11.778439
2.0,7,11.789949
4.0,12,11.810476
2.0,11,11.824512
2.0,11,11.840533
3.0,12,11.857051
3.0,18,11.881582
2.0,7,11.891097
1.0,5,11.898094
2.0,7,11.906605
3.0,11,11.924173
2.0,19,11.947189
1.0,3,11.951709
5.0,21,11.978741
8.0,26,12.012813
4.0,10,12.025851
3.0,8,12.035367
4.0,10,12.049886
4.0,32,12.090474
2.0,7,12.09848
2.0,3,12.103997
2.0,4,12.108998
4.0,12,12.124548
2.0,11,12.138067
3.0,15,12.157099
3.0,14,12.176135
3.0,11,12.190163
5.0,20,12.217732
3.0,8,12.2283
3.0,15,12.247335
4.0,23,12.27689
5.0,14,12.295927
2.0,11,12.309947
3.0,31,12.348389
2.0,15,12.366421
6.0,38,12.414009
4.0,23,12.445084
2.0,7,12.453604
4.0,11,12.469122
3.0,8,12.478637
2.0,11,12.493672
4.0,27,12.53301
4.0,23,12.562212
3.0,14,12.578733
3.0,9,12.591757
3.0,7,12.601265
4.0,23,12.630002
2.0,15,12.648594
2.0,27,12.683816
2.0,36,12.726704
1.0,3,12.731246
8.0,14,12.748767
3.0,23,12.779078
3.0,16,12.799759
4.0,29,12.83709
3.0,13,12.855207
2.0,7,12.86481
3.0,23,12.894515
5.0,31,12.93592
3.0,15,12.961466
4.0,13,12.981505
4.0,12,12.998023
3.0,27,13.030618
2.0,10,13.043193
5.0,9,13.05671
9.0,39,13.107314
5.0,42,13.160166
2.0,7,13.169203
3.0,7,13.177772
4.0,19,13.20099
3.0,11,13.215593
9.0,19,13.238876
6.0,31,13.277153
9.0,32,13.316364
1.0,6,13.323508
3.0,11,13.337081
6.0,17,13.357185
2.0,7,13.366721
1.0,3,13.37025
4.0,31,13.407959
4.0,8,13.417512
3.0,7,13.427635
2.0,3,13.432183
3.0,15,13.450213
3.0,19,13.475396
1.0,11,13.488964
2.0,23,13.517675
3.0,8,13.52672
2.0,7,13.536291
3.0,9,13.547864
4.0,8,13.558401
4.0,9,13.568944
4.0,23,13.597626
2.0,3,13.602207
4.0,22,13.628885
3.0,11,13.642999
2.0,7,13.651591
4.0,19,13.676035
4.0,17,13.700257
5.0,36,13.745996
6.0,25,13.78317
4.0,12,13.798737
5.0,21,13.82355
2.0,3,13.827556
4.0,7,13.837131
2.0,7,13.845698
2.0,26,13.879224
3.0,10,13.891258
2.0,22,13.9178
5.0,16,13.941006
4.0,19,13.963144
4.0,14,13.981889
1.0,7,13.990433
2.0,3,13.994465
4.0,10,14.007043
3.0,19,14.028716
3.0,11,14.042822
3.0,7,14.052397
4.0,16,14.071554
5.0,15,14.09165
8.0,31,14.129805
3.0,5,14.135847
3.0,41,14.183704
5.0,15,14.201855
4.0,19,14.226135
2.0,6,14.2337
3.0,18,14.256843
3.0,7,14.265422
2.0,10,14.277995
4.0,35,14.319852
4.0,7,15.579707
3.0,17,15.601789
4.0,14,15.61823
3.0,26,15.656031
2.0,11,15.668538
9.0,18,15.695069
2.0,10,15.707578
3.0,17,15.730615
8.0,18,15.755213
2.0,10,15.768733
10.0,34,15.811321
3.0,6,15.81932
3.0,15,15.838358
3.0,12,15.853393
7.0,18,15.876428
3.0,10,15.890458
1.0,3,15.89746
2.0,11,15.917503
2.0,7,15.931146
4.0,11,15.944651
9.0,34,15.98669
2.0,7,15.996209
2.0,7,16.005724
2.0,9,16.016899
3.0,15,16.035145
3.0,11,16.048653
3.0,8,16.059163
2.0,12,16.07418
7.0,11,16.088322
2.0,11,16.10208
4.0,7,16.111469
10.0,22,16.14008
4.0,10,16.152099
4.0,12,16.166692
4.0,6,16.177233
3.0,11,16.192272
2.0,15,16.21598
4.0,36,16.270811
10.0,27,16.305356
2.0,7,16.314874
4.0,13,16.33395
7.0,10,16.347458
4.0,17,16.368479
5.0,19,16.399052
4.0,15,16.445261
2.0,11,16.47078
7.0,22,16.507136
5.0,16,16.530103
3.0,11,16.548626
5.0,23,16.578152
8.0,30,16.615957
3.0,11,16.641897
2.0,7,16.659931
2.0,7,16.673469
5.0,15,16.700028
2.0,10,16.718161
2.0,11,16.735189
2.0,7,16.744385
3.0,11,16.758898
6.0,18,16.782725
4.0,27,16.828334
2.0,11,16.85689
5.0,17,16.880173
2.0,31,16.941373
5.0,20,16.977933
3.0,7,16.988449
3.0,11,17.018017
3.0,9,17.035062
3.0,6,17.044093
2.0,19,17.068574
2.0,6,17.078091
4.0,15,17.101143
4.0,10,17.116216
12.0,37,17.183155
3.0,11,17.200187
8.0,14,17.218711
2.0,7,17.230271
4.0,6,17.238278
3.0,7,17.249801
2.0,11,17.267937
2.0,3,17.272446
2.0,15,17.292472
2.0,15,17.315505
3.0,23,17.350797
2.0,7,17.367907
4.0,12,17.388951
8.0,18,17.414622
4.0,11,17.433179
2.0,15,17.453804
3.0,18,17.485751
3.0,23,17.537974
2.0,15,17.561347
3.0,11,17.575858
2.0,10,17.588914
10.0,38,17.634188
10.0,30,17.674006
4.0,15,17.692771
11.0,20,17.717299
2.0,7,17.726446
8.0,14,17.743335
4.0,19,17.766418
7.0,28,17.802445
3.0,8,17.812963
5.0,20,17.836496
6.0,20,17.863051
3.0,4,17.869052
3.0,17,17.891599
4.0,7,17.901116
1.0,3,17.905122
3.0,8,17.915639
7.0,18,17.938264
5.0,28,17.976292
3.0,7,17.98487
3.0,7,17.994012
4.0,12,18.009158
5.0,14,18.025862
3.0,11,18.040019
3.0,7,18.049145
2.0,6,18.056678
7.0,18,18.080238
2.0,14,18.100258
8.0,23,18.13094
2.0,7,18.144454
8.0,18,18.168607
3.0,31,18.20654
2.0,7,18.215107
8.0,18,18.237015
4.0,8,18.247165
8.0,23,18.275042
5.0,11,18.288615
4.0,8,18.300163
2.0,15,18.318874
5.0,17,18.338581
3.0,7,18.349154
2.0,7,18.358321
5.0,16,18.378465
5.0,7,18.387042
2.0,15,18.405182
9.0,19,18.428742
4.0,12,18.44478
7.0,11,18.458296
3.0,12,18.475332
9.0,34,18.522946
7.0,18,19.726433
2.0,3,19.731943
4.0,15,19.754976
2.0,11,19.771806
3.0,19,19.798331
9.0,18,19.825524
2.0,3,19.830033
3.0,6,19.838042
7.0,14,19.859911
4.0,24,19.896464
8.0,18,19.933025
6.0,11,19.947545
3.0,5,19.954064
1.0,21,19.982248
10.0,25,20.012769
3.0,12,20.027786
3.0,23,20.062568
5.0,15,20.083274
2.0,3,20.088273
2.0,15,20.112202
4.0,11,20.127788
4.0,8,20.144822
9.0,24,20.178189
2.0,15,20.197294
3.0,7,20.206864
2.0,7,20.216026
4.0,7,20.224678
4.0,18,20.247778
2.0,6,20.255912
3.0,7,20.265402
2.0,11,20.279957
2.0,7,20.288496
3.0,6,20.296062
4.0,12,20.31614
2.0,11,20.330276
7.0,14,20.350022
6.0,19,20.37288
7.0,10,20.384967
3.0,15,20.40325
3.0,27,20.436168
3.0,11,20.44874
10.0,28,20.483262
10.0,19,20.506402
2.0,3,20.509938
2.0,3,20.514952
3.0,8,20.525712
3.0,8,20.535284
3.0,4,20.540859
2.0,11,20.553961
1.0,5,20.559994
3.0,8,20.570152
3.0,6,20.578276
10.0,21,20.605169
4.0,8,20.615739
7.0,14,20.632034
3.0,5,20.640001
4.0,27,20.672153
4.0,7,20.682728
4.0,18,20.70383
3.0,7,20.713189
2.0,7,20.721357
3.0,8,20.732045
5.0,14,20.74819
1.0,7,20.756654
2.0,13,20.773768
6.0,19,20.796846
2.0,7,20.807276
3.0,11,20.821448
5.0,12,20.83549
4.0,9,20.848058
4.0,11,20.862382
2.0,11,20.874958
2.0,11,20.889103
3.0,9,20.900238
2.0,14,20.91731
5.0,24,20.946137
3.0,11,20.960278
4.0,13,20.977957
3.0,15,20.996638
4.0,8,21.006215
2.0,3,21.010216
9.0,27,21.043047
4.0,10,21.056115
3.0,6,21.063619
3.0,4,21.068619
4.0,11,21.081724
5.0,13,21.098298
3.0,6,21.106877
4.0,11,21.119984
3.0,11,21.133132
2.0,7,21.143587
4.0,8,21.153156
3.0,12,21.167565
2.0,6,21.177144
3.0,10,21.18831
1.0,4,21.193854
1.0,3,21.197883
3.0,12,21.212192
4.0,31,21.249208
6.0,12,21.263889
8.0,18,21.287964
4.0,12,21.302256
2.0,7,21.313727
3.0,10,21.325874
4.0,12,21.340021
3.0,11,21.355321
3.0,6,21.3629
1.0,2,21.365903
7.0,18,21.387204
5.0,14,21.403906
7.0,10,21.416452
3.0,15,21.436031
2.0,15,21.455065
3.0,6,21.462583
4.0,23,21.493137
8.0,19,21.517175
11.0,76,21.611335
2.0,7,21.620909
4.0,9,21.632027
3.0,15,21.654086
4.0,15,21.672256
3.0,15,21.692203
3.0,11,21.705802
8.0,19,21.728997
2.0,7,21.738512
2.0,3,21.742024
4.0,5,21.74903
2.0,7,21.757546
4.0,13,21.77527
3.0,8,21.785416
10.0,32,21.825415
3.0,23,21.854644
10.0,22,21.881198
2.0,11,21.895714
1.0,3,21.900222
4.0,7,21.910746
5.0,21,21.937389
3.0,15,21.956451
4.0,16,21.977531
2.0,7,21.986068
4.0,11,22.000069
7.0,14,22.018598
4.0,27,22.05227
3.0,9,22.063786
4.0,10,22.076304
1.0,2,22.079813
4.0,13,22.097342
3.0,19,22.120893
3.0,12,22.136932
8.0,23,22.165167
8.0,23,22.194729
2.0,27,22.226793
3.0,7,22.23631
3.0,14,22.253423
5.0,27,22.287993
3.0,19,22.31455
9.0,30,22.35214
2.0,15,22.370165
5.0,17,23.521881
12.0,47,23.584979
3.0,6,23.593486
2.0,7,23.605003
3.0,19,23.631187
2.0,6,23.641706
14.0,29,23.68174
5.0,26,23.717846
3.0,7,23.727536
9.0,20,23.75363
8.0,14,23.777238
4.0,7,23.787752
8.0,19,23.813279
3.0,6,23.82187
2.0,7,23.829978
5.0,16,23.851342
3.0,9,23.86289
7.0,30,23.900002
2.0,26,23.938294
2.0,11,23.953965
9.0,20,23.984382
11.0,80,24.082819
3.0,10,24.099887
8.0,22,24.132115
3.0,13,24.150285
10.0,20,24.17458
2.0,9,24.187162
4.0,18,24.208932
9.0,38,24.254478
10.0,30,24.291546
2.0,7,24.301067
5.0,11,24.31921
2.0,7,24.328182
8.0,15,24.348301
3.0,4,24.354846
7.0,18,24.377016
4.0,10,24.388578
4.0,7,24.398152
5.0,21,24.424424
4.0,13,24.440976
4.0,11,24.454492
11.0,53,24.522383
4.0,6,24.529949
3.0,10,24.542264
4.0,23,24.570531
5.0,15,24.589136
2.0,7,24.599268
2.0,23,24.627445
4.0,13,24.645223
3.0,10,24.657379
5.0,11,24.670492
8.0,26,24.704623
5.0,9,24.716223
2.0,7,24.72538
3.0,6,24.734497
9.0,18,24.756184
3.0,24,24.787355
2.0,7,24.796906
3.0,15,24.816984
3.0,5,24.82315
2.0,3,24.827119
3.0,22,24.855025
10.0,71,24.942094
3.0,6,24.950095
9.0,22,24.977947
3.0,35,25.024052
2.0,7,25.032194
8.0,18,25.05392
2.0,11,25.070021
8.0,27,25.102947
3.0,14,25.120118
10.0,16,25.139955
4.0,21,25.166137
3.0,7,25.174288
4.0,11,25.189987
5.0,21,25.215326
4.0,31,25.253011
2.0,15,25.273046
8.0,14,25.290068
5.0,35,25.333367
3.0,11,25.347943
4.0,19,25.370276
4.0,21,25.396128
4.0,11,25.409868
5.0,24,25.440619
3.0,15,25.459213
3.0,11,25.471933
3.0,11,25.487329
8.0,31,25.531381
4.0,21,25.562945
3.0,6,25.57045
2.0,9,25.581986
4.0,11,25.595503
4.0,22,25.622053
8.0,14,25.641802
3.0,10,25.654376
4.0,10,25.666955
2.0,23,25.694271
4.0,18,25.716913
2.0,3,25.721434
3.0,15,25.741481
11.0,40,25.790621
4.0,11,25.804144
4.0,20,25.830252
8.0,17,25.850286
7.0,22,25.877071
3.0,15,25.898134
8.0,14,25.915169
2.0,7,25.923687
8.0,22,25.952243
8.0,14,25.96876
3.0,6,25.978277
3.0,23,26.009879
11.0,25,26.040054
4.0,11,26.053656
1.0,7,26.06419
9.0,26,26.094462
5.0,14,26.113242
8.0,30,26.149034
6.0,20,27.330567
5.0,13,27.348086
4.0,9,27.358596
4.0,8,27.370107
11.0,28,27.408152
2.0,3,27.413666
4.0,9,27.424174
3.0,4,27.430683
2.0,3,27.434688
3.0,15,27.458706
2.0,11,27.477727
2.0,11,27.497299
7.0,22,27.524687
7.0,10,27.537721
4.0,14,27.555318
3.0,11,27.569829
2.0,3,27.573337
4.0,11,27.586847
4.0,8,27.598363
9.0,14,27.616448
4.0,11,27.630561
8.0,35,27.672891
3.0,11,27.686434
2.0,7,27.695012
3.0,7,27.703583
2.0,11,27.718105
3.0,19,27.742823
4.0,8,27.752389
10.0,30,27.788105
9.0,22,27.813812
9.0,31,27.851333
7.0,10,27.863875
9.0,14,27.881031
7.0,14,27.900073
9.0,18,27.922254
7.0,27,27.955043
2.0,7,27.96454
3.0,14,27.981599
10.0,25,28.012158
3.0,11,28.026733
3.0,9,28.037848
4.0,7,28.047416
4.0,10,28.06052
7.0,14,28.07809
2.0,7,28.086654
2.0,3,28.091225
4.0,7,28.10023
8.0,15,28.118943
3.0,7,28.12751
2.0,3,28.132584
3.0,15,28.150697
8.0,10,28.163302
10.0,33,28.206516
3.0,11,28.220608
3.0,15,28.240304
2.0,11,28.253907
7.0,10,28.266462
2.0,8,28.280015
11.0,35,28.322806
4.0,14,28.340366
3.0,15,28.358896
3.0,15,28.37693
8.0,26,28.408482
8.0,14,28.426513
4.0,13,28.444069
2.0,7,28.453584
4.0,18,28.475619
10.0,25,28.506199
7.0,10,28.518769
2.0,9,28.530318
4.0,12,28.544858
4.0,33,28.585869
2.0,3,28.59041
4.0,13,28.60701
7.0,10,28.61908
8.0,10,28.631225
9.0,14,28.649904
7.0,27,28.681652
2.0,15,28.700668
2.0,11,28.713241
12.0,42,28.764529
2.0,7,28.77511
3.0,19,28.797229
3.0,9,28.808794
2.0,7,28.818339
2.0,13,28.835087
3.0,19,28.85823
2.0,11,28.872365
3.0,23,28.901998
2.0,3,28.905997
8.0,34,28.948614
4.0,13,28.964755
10.0,67,29.044141
4.0,23,29.073758
13.0,28,29.107248
11.0,77,29.19899
8.0,26,29.230203
3.0,12,29.245337
3.0,11,29.258495
3.0,15,29.278521
3.0,7,29.287062
9.0,15,29.306179
3.0,8,29.316744
10.0,17,29.337452
9.0,18,29.358583
2.0,7,29.367128
1.0,8,29.377705
2.0,3,29.381278
10.0,111,29.514548
3.0,15,29.532699
11.0,46,29.588965
2.0,15,29.608083
2.0,15,29.628731
3.0,10,29.641446
3.0,11,29.655993
8.0,26,29.68761
5.0,11,29.701722
10.0,30,29.738996
3.0,4,29.744308
3.0,4,29.749309
2.0,7,29.757881
8.0,18,29.779995
3.0,20,29.804196
2.0,7,29.813764
9.0,22,29.840987
5.0,18,29.863131
9.0,18,29.885283
3.0,20,31.101977
7.0,10,31.118498
8.0,54,31.190101
10.0,13,31.208621
10.0,19,31.235653
7.0,14,31.256678
2.0,7,31.265184
7.0,10,31.278692
2.0,10,31.291709
12.0,62,31.375395
2.0,7,31.384915
2.0,7,31.396107
9.0,15,31.422634
9.0,18,31.44417
3.0,7,31.453376
3.0,9,31.465895
8.0,14,31.484016
4.0,6,31.492571
7.0,10,31.504143
10.0,63,31.580962
4.0,7,31.590503
10.0,56,31.657401
7.0,14,31.673538
8.0,14,31.69172
7.0,18,31.712821
3.0,19,31.736516
4.0,11,31.750623
5.0,15,31.769135
4.0,7,31.778702
9.0,13,31.793832
5.0,12,31.808407
4.0,11,31.824441
9.0,15,31.842715
10.0,56,31.910627
11.0,24,31.940459
4.0,23,31.967629
8.0,14,31.984783
2.0,7,31.99526
4.0,7,32.004834
11.0,76,32.094281
10.0,32,32.1335
10.0,18,32.159123
3.0,6,32.166639
3.0,19,32.190183
4.0,12,32.20571
5.0,12,32.22074
4.0,25,32.251818
2.0,7,32.260326
3.0,6,32.269337
10.0,95,32.386069
11.0,26,32.418619
7.0,14,32.435654
3.0,15,32.456207
2.0,7,32.465722
3.0,6,32.47324
2.0,7,32.482757
2.0,11,32.497325
3.0,5,32.503875
7.0,10,32.516395
2.0,7,32.524997
3.0,7,32.534557
10.0,12,32.54859
2.0,5,32.556109
2.0,7,32.564625
4.0,8,32.576153
4.0,10,32.588669
7.0,14,32.606705
3.0,8,32.618228
7.0,14,32.635258
9.0,14,32.653803
2.0,7,32.663321
1.0,12,32.677837
2.0,7,32.686354
4.0,5,32.692871
9.0,15,32.7119
4.0,17,32.732947
2.0,11,32.746982
7.0,10,32.760005
4.0,11,32.773536
12.0,85,32.879238
11.0,25,32.910294
4.0,21,32.93634
8.0,14,32.954897
3.0,11,32.968414
7.0,14,32.98645
4.0,10,32.998967
2.0,9,33.010997
3.0,12,33.025603
9.0,22,33.053378
10.0,74,33.144552
6.0,23,33.173102
2.0,7,33.182618
4.0,7,33.192136
13.0,47,33.248217
2.0,11,33.261369
3.0,11,33.274933
10.0,53,33.337658
3.0,6,33.345267
2.0,7,33.353837
4.0,27,33.387396
7.0,14,33.405965
4.0,17,33.428084
3.0,10,33.441677
2.0,7,33.45015
2.0,39,33.49546
2.0,7,33.505006
11.0,32,33.544239
11.0,33,33.584219
3.0,12,33.598791
7.0,10,33.612733
4.0,6,33.620234
2.0,7,33.629274
2.0,7,33.638383
4.0,12,33.65257
8.0,14,34.785261
7.0,18,34.808276
3.0,5,34.814785
3.0,10,34.829316
3.0,15,34.847842
3.0,11,34.86386
10.0,43,34.921899
1.0,5,34.928901
2.0,11,34.945936
9.0,14,34.962672
4.0,7,34.97218
2.0,7,34.980752
2.0,7,34.9923
2.0,7,35.001859
3.0,4,35.006835
3.0,6,35.016346
2.0,3,35.021369
9.0,14,35.040053
4.0,9,35.051654
11.0,27,35.084347
7.0,10,35.096891
3.0,5,35.103493
4.0,19,35.127546
8.0,22,35.154886
3.0,7,35.16443
3.0,8,35.174947
7.0,14,35.191983
10.0,51,35.254714
4.0,7,35.263285
7.0,10,35.275858
3.0,14,35.295985
10.0,37,35.341444
3.0,12,35.356018
10.0,16,35.376639
9.0,16,35.395816
4.0,6,35.404352
10.0,19,35.427497
4.0,15,35.44662
7.0,18,35.467792
9.0,16,35.487907
7.0,14,35.505086
10.0,335,35.906531
11.0,79,36.005161
10.0,20,36.030738
2.0,7,36.038765
3.0,11,36.052894
12.0,28,36.087602
11.0,61,36.162642
7.0,14,36.180162
10.0,35,36.221748
10.0,39,36.26998
10.0,93,36.383732
11.0,102,36.507443
4.0,15,36.525505
4.0,11,36.542539
2.0,7,36.552058
8.0,18,36.57511
2.0,11,36.588627
10.0,16,36.60867
3.0,5,36.616189
12.0,53,36.67933
3.0,8,36.690415
4.0,6,36.698423
10.0,25,36.727979
4.0,6,36.736495
11.0,41,36.7866
4.0,5,36.794117
3.0,7,36.802635
9.0,26,36.839199
3.0,7,36.848228
3.0,10,36.863276
3.0,6,36.870786
8.0,18,36.892825
3.0,11,36.907357
3.0,6,36.914873
8.0,10,36.927444
4.0,9,36.938049
7.0,14,36.95573
12.0,50,37.017074
2.0,7,37.025675
3.0,5,37.035204
10.0,124,37.1841
11.0,66,37.270106
2.0,7,37.280162
3.0,10,37.29277
9.0,22,37.320421
3.0,18,37.342511
4.0,21,38.557608
4.0,10,38.575192
3.0,8,38.588706
2.0,11,38.604731
4.0,16,38.630263
1.0,4,38.636274
3.0,4,38.641785
8.0,14,38.661317
3.0,14,38.678821
10.0,71,38.767916
8.0,14,38.786949
7.0,22,38.813847
7.0,23,38.842202
2.0,8,38.853336
3.0,7,38.861906
3.0,9,38.873416
2.0,7,38.882023
4.0,12,38.897564
7.0,10,38.910653
3.0,31,38.947947
7.0,10,38.96167
3.0,6,38.968673
2.0,15,38.987782
2.0,7,38.998336
10.0,12,39.01248
3.0,5,39.020015
10.0,16,39.040123
5.0,15,39.059274
10.0,30,39.095472
10.0,97,39.215794
4.0,9,39.227336
9.0,15,39.247023
10.0,22,39.284735
8.0,22,39.314363
8.0,18,39.337751
3.0,11,39.352499
9.0,30,39.388204
3.0,5,39.394767
10.0,36,39.441044
9.0,12,39.458093
8.0,14,39.475216
8.0,26,39.507373
3.0,10,39.51997
4.0,15,39.537954
9.0,14,39.556272
8.0,18,39.579324
11.0,22,39.60687
7.0,14,39.624918
3.0,19,39.648475
1.0,4,39.653994
3.0,11,39.669322
7.0,10,39.682358
4.0,12,39.698878
11.0,22,39.726562
5.0,23,39.75774
3.0,19,39.782418
3.0,8,39.793927
3.0,17,39.813957
9.0,27,39.850198
3.0,7,39.860204
4.0,17,39.887318
2.0,13,39.905413
4.0,6,39.918901
5.0,16,39.939002
5.0,13,39.956662
3.0,11,39.97426
9.0,13,39.992312
10.0,22,40.018351
11.0,28,40.05494
3.0,15,40.075013
9.0,11,40.088494
3.0,5,40.095066
10.0,86,40.1979
8.0,38,40.245648
3.0,15,40.263193
2.0,7,40.272711
3.0,7,40.282236
7.0,14,40.298753
10.0,40,40.347958
9.0,15,40.366126
1.0,3,40.370664
11.0,41,40.421496
11.0,30,40.462165
9.0,19,40.485195
10.0,20,40.511768
11.0,23,40.542373
8.0,14,40.559404
3.0,6,40.566918
10.0,37,40.62106
11.0,116,40.759131
4.0,13,40.77524
8.0,10,40.788602
10.0,17,40.808745
10.0,37,40.855932
2.0,7,40.865462
10.0,18,40.887877
8.0,10,40.900394
10.0,26,40.932477
10.0,110,41.06714
7.0,10,41.08022
11.0,21,41.105363
7.0,10,41.118909
9.0,11,41.133037
7.0,10,41.14558
3.0,6,41.153615
7.0,14,42.415629
11.0,49,42.486763
11.0,18,42.511313
2.0,3,42.516318
9.0,14,42.53735
10.0,58,42.630043
4.0,6,42.64166
10.0,12,42.665226
8.0,14,42.688004
2.0,19,42.721616
11.0,68,42.816054
7.0,10,42.830083
7.0,14,42.846614
10.0,16,42.867161
3.0,8,42.877681
3.0,7,42.886197
3.0,8,42.896715
2.0,7,42.905232
10.0,27,42.938783
7.0,10,42.954335
8.0,10,42.966937
9.0,18,42.989056
8.0,10,43.00274
2.0,11,43.015327
7.0,10,43.027895
7.0,10,43.040444
2.0,7,43.049432
9.0,11,43.062547
13.0,29,43.099238
9.0,15,43.117383
9.0,18,43.141042
3.0,11,43.15425
2.0,11,43.170312
7.0,10,43.182919
4.0,11,43.19641
4.0,5,43.202927
10.0,14,43.22096
7.0,10,43.233481
10.0,23,43.26262
7.0,10,43.275139
9.0,15,43.296192
10.0,104,43.422958
8.0,10,43.435475
2.0,7,43.443993
9.0,11,43.45852
11.0,39,43.507117
3.0,6,43.514633
10.0,42,43.565223
7.0,10,43.577738
7.0,22,43.60646
11.0,29,43.644666
9.0,21,43.673302
11.0,21,43.698412
4.0,6,43.706013
11.0,104,43.831866
3.0,7,43.840407
10.0,49,43.898555
11.0,21,43.926174
8.0,14,43.943231
9.0,14,43.964292
11.0,97,44.081843
11.0,25,44.111786
3.0,8,44.122304
13.0,99,44.238944
10.0,16,44.259067
3.0,4,44.264644
10.0,16,44.283703
3.0,6,44.29225
3.0,19,44.314364
4.0,13,44.33143
3.0,15,44.350013
10.0,81,44.446043
10.0,144,44.617824
3.0,5,44.625342
8.0,18,44.648378
10.0,252,44.953561
4.0,12,44.969079
7.0,10,44.982114
8.0,14,45.00314
8.0,14,45.021157
9.0,13,46.266521
7.0,10,46.279035
11.0,45,46.355709
8.0,14,46.377729
3.0,4,46.383247
8.0,18,46.405266
9.0,18,46.436571
11.0,42,46.496191
11.0,50,46.555474
8.0,10,46.568043
7.0,10,46.584634
9.0,14,46.606501
7.0,14,46.634065
4.0,15,46.654479
9.0,11,46.673107
9.0,23,46.707901
10.0,23,46.736452
9.0,13,46.754591
8.0,35,46.79947
11.0,109,46.936011
2.0,7,46.945522
3.0,7,46.956571
11.0,24,46.985106
2.0,3,46.990113
10.0,34,47.03089
11.0,22,47.057579
10.0,73,47.147914
2.0,7,47.15695
12.0,58,47.226604
3.0,8,47.237121
8.0,10,47.248639
8.0,34,47.294796
10.0,37,47.34092
9.0,13,47.356962
11.0,146,47.533817
7.0,10,47.547342
3.0,11,47.56087
7.0,14,47.5784
11.0,110,47.717201
10.0,150,47.899384
3.0,7,47.907901
2.0,7,47.918436
7.0,10,47.930461
10.0,34,47.97408
3.0,7,47.982596
4.0,19,48.007656
8.0,14,48.024691
8.0,10,48.03721
2.0,7,48.04755
8.0,14,48.064622
9.0,11,48.07914
2.0,11,48.094183
3.0,6,48.101694
10.0,46,48.15776
8.0,19,48.181376
3.0,5,48.188406
2.0,7,48.196974
8.0,10,48.210491
9.0,20,48.238135
7.0,14,48.267084
10.0,26,48.304177
2.0,4,48.310205
11.0,73,48.399232
10.0,21,48.426784
2.0,3,48.430293
10.0,17,48.452356
7.0,14,48.469394
9.0,15,48.488428
2.0,3,48.491945
10.0,17,48.515
3.0,7,48.523519
7.0,10,48.537038
8.0,19,48.561282
3.0,5,48.567314
9.0,14,48.588376
10.0,17,48.609416
4.0,8,48.618932
4.0,6,48.630467
3.0,7,48.638983
11.0,129,48.797226
4.0,27,48.832303
2.0,7,48.84182
10.0,15,48.860351
4.0,9,48.872869
11.0,27,48.904401
7.0,10,50.080684
3.0,7,50.094979
10.0,24,50.138073
9.0,17,50.158602
9.0,34,50.206748
8.0,14,50.223767
3.0,4,50.228768
2.0,7,50.238276
7.0,15,50.260319
3.0,17,50.282341
4.0,6,50.290348
8.0,19,50.315953
3.0,6,50.324544
4.0,10,50.3381
3.0,8,50.348605
10.0,13,50.365262
10.0,18,50.388297
8.0,10,50.400761
11.0,74,50.491019
8.0,19,50.516686
3.0,4,50.522205
7.0,10,50.533749
1.0,4,50.538748
10.0,58,50.608164
5.0,25,50.641268
3.0,7,50.650839
9.0,10,50.664675
2.0,7,50.674222
7.0,10,50.686769
8.0,18,50.708794
9.0,11,50.724845
7.0,10,50.737364
8.0,14,50.756422
9.0,13,50.773489
11.0,36,50.818578
4.0,6,50.827097
4.0,11,50.84314
11.0,229,51.143772
7.0,19,51.166492
11.0,25,51.196159
7.0,10,51.208726
7.0,10,51.221834
3.0,4,51.227838
10.0,42,51.27724
7.0,10,51.290292
2.0,7,51.299328
8.0,22,51.32589
10.0,247,51.624174
10.0,48,51.682854
7.0,10,51.695372
3.0,9,51.705888
10.0,16,51.727931
7.0,10,51.740955
3.0,16,51.762516
7.0,10,51.775033
3.0,12,51.789551
2.0,15,51.808587
2.0,9,51.820105
2.0,7,51.828622
7.0,18,51.852175
7.0,10,51.865237
10.0,37,51.91224
3.0,6,51.920747
9.0,14,51.940274
6.0,15,51.960402
2.0,7,51.970412
8.0,10,51.982447
8.0,14,51.998963
10.0,218,52.267308
7.0,10,52.280334
3.0,6,52.288344
3.0,7,52.296862
9.0,11,52.310892
8.0,14,52.328416
10.0,64,52.410127
9.0,15,52.429247
11.0,30,52.464921
4.0,8,52.474527
10.0,79,52.568969
3.0,6,52.577514
8.0,14,52.595573
3.0,10,52.607118
9.0,13,52.623837
10.0,21,52.648864
3.0,4,52.654407
9.0,13,52.668975
10.0,139,54.010882
7.0,10,54.025404
3.0,7,54.033914
7.0,14,54.052463
10.0,48,54.112269
3.0,12,54.127711
5.0,21,54.15291
11.0,53,54.218492
3.0,23,54.246139
10.0,67,54.325256
10.0,13,54.341846
10.0,22,54.368998
7.0,10,54.380507
3.0,11,54.396274
5.0,35,54.43896
8.0,10,54.451011
10.0,55,54.516319
11.0,156,54.703576
7.0,30,54.741374
13.0,78,54.834397
10.0,433,55.351163
7.0,14,55.368158
10.0,109,55.498479
7.0,18,55.521195
9.0,22,55.549084
7.0,10,55.56145
9.0,15,55.57957
9.0,15,55.599555
10.0,164,55.795274
7.0,10,55.807791
10.0,153,55.988702
4.0,15,56.009586
9.0,13,56.025248
2.0,3,56.029253
3.0,14,56.047174
10.0,29,56.081341
7.0,14,56.099581
7.0,14,56.11657
11.0,172,56.317176
10.0,13,57.675417
7.0,10,57.691441
7.0,23,57.726831
2.0,11,57.742819
10.0,203,57.996504
7.0,10,58.010528
10.0,92,58.123457
8.0,14,58.141437
11.0,22,58.168139
3.0,8,58.178654
3.0,4,58.185172
10.0,20,58.209207
10.0,18,58.235768
12.0,26,58.26884
10.0,15,58.288875
8.0,10,58.300905
2.0,11,58.315429
3.0,6,58.322945
2.0,8,58.337478
7.0,10,58.353503
7.0,14,58.370543
11.0,34,58.414129
11.0,46,58.470749
9.0,12,58.486268
10.0,273,58.80759
11.0,53,58.869609
7.0,10,58.882683
7.0,10,58.896299
10.0,14,58.913408
7.0,14,58.931527
3.0,4,58.936558
9.0,10,58.949128
4.0,12,58.964271
4.0,16,58.982996
3.0,12,58.997541
2.0,15,59.016576
11.0,47,59.074222
8.0,18,59.098138
7.0,10,59.111168
3.0,10,59.123692
11.0,66,59.201741
7.0,14,59.220876
3.0,6,59.227904
3.0,8,59.238471
10.0,42,59.288873
7.0,10,59.300992
10.0,18,59.323176
7.0,10,59.335747
11.0,32,59.37554
11.0,15,59.394685
11.0,103,59.517596
4.0,9,59.52917
4.0,11,59.543312
10.0,116,59.680388
4.0,6,59.688426
7.0,10,59.700525
5.0,11,59.714131
7.0,14,59.731246
10.0,58,59.802386
3.0,27,59.835935
9.0,14,59.853969
4.0,15,59.872518
2.0,7,59.881023
3.0,8,59.892554
7.0,10,59.905071
7.0,10,59.917587
9.0,14,59.935622
3.0,5,59.942134
4.0,13,59.958656
9.0,10,59.971198
4.0,6,59.979204
10.0,23,60.005889
9.0,13,60.025037
8.0,10,60.037609
2.0,7,60.046185
10.0,111,60.180135
3.0,4,60.185177
8.0,18,61.44036
12.0,500,62.067886
8.0,14,62.085922
8.0,10,62.099441
10.0,30,62.135478
10.0,22,62.162573
2.0,7,62.172151
3.0,9,62.184745
10.0,285,62.526037
7.0,10,62.539578
11.0,209,62.794064
11.0,78,62.888658
10.0,71,62.973261
10.0,19,62.997418
10.0,54,63.062408
2.0,8,63.072459
10.0,161,63.267654
10.0,116,63.424394
2.0,11,63.440421
2.0,7,63.451961
10.0,73,63.552356
2.0,11,63.565956
10.0,50,63.624944
3.0,6,63.632487
3.0,7,63.643
4.0,30,63.679097
10.0,269,65.177771
11.0,64,65.277471
11.0,39,65.326615
11.0,21,65.356169
7.0,10,65.368685
7.0,10,65.381238
10.0,103,65.507971
8.0,10,65.521001
3.0,7,65.530514
9.0,13,65.546039
2.0,7,65.555558
10.0,135,65.716923
11.0,265,66.033708
11.0,500,66.641983
7.0,10,66.656555
10.0,15,66.675618
11.0,164,66.889185
9.0,15,66.911765
8.0,10,66.925279
3.0,6,66.932788
10.0,131,67.097451
7.0,10,67.110489
3.0,6,67.118531
8.0,11,67.13222
10.0,22,67.158366
3.0,4,67.163942
3.0,4,67.168947
10.0,60,67.242071
10.0,36,67.286657
11.0,29,67.320899
11.0,150,67.50345
2.0,7,67.512023
7.0,10,67.526596
10.0,113,67.669001
8.0,22,67.695286
2.0,7,67.703859
10.0,287,69.228727
7.0,10,69.248794
11.0,66,69.326891
11.0,86,69.42948
7.0,10,69.442514
3.0,6,69.450514
3.0,7,69.459031
10.0,113,69.596073
11.0,500,70.188609
10.0,16,70.207755
10.0,14,70.224864
3.0,12,70.242034
8.0,10,70.254526
11.0,110,70.385444
10.0,344,70.798652
3.0,9,70.810219
3.0,5,70.81779
11.0,207,71.061723
9.0,10,71.075241
10.0,316,72.63904
10.0,149,72.825014
9.0,15,72.843191
11.0,86,72.9469
7.0,10,72.959473
3.0,6,72.968015
11.0,232,73.245845
12.0,21,73.271509
3.0,9,73.283113
3.0,4,73.288679
4.0,19,73.31142
2.0,7,73.320934
2.0,7,73.328966
10.0,385,73.788524
3.0,8,73.798095
3.0,5,73.804669
10.0,261,74.113461
10.0,173,74.320313
4.0,11,74.333349
9.0,15,74.352377
10.0,231,74.628263
9.0,11,74.641431
8.0,22,74.668484
10.0,12,74.682631
11.0,161,74.872018
10.0,425,76.572538
3.0,5,76.578538
11.0,259,76.886783
7.0,10,76.900322
11.0,254,77.210377
10.0,17,77.232413
10.0,11,77.247506
2.0,7,77.257022
7.0,10,77.26954
10.0,102,77.392304
9.0,10,77.408821
7.0,10,77.420852
3.0,4,77.425857
7.0,10,77.438375
10.0,56,77.504835
10.0,13,77.520969
2.0,7,77.531521
3.0,6,77.538534
10.0,157,77.73304
3.0,4,77.740554
7.0,10,77.75408
10.0,12,77.768599
10.0,309,78.155445
11.0,151,78.336233
10.0,195,78.573742
2.0,3,78.578743
10.0,14,78.595488
3.0,4,78.601029
3.0,7,78.610598
2.0,7,78.619635
7.0,10,78.631781
11.0,500,80.423145
3.0,7,80.432712
7.0,10,80.444283
10.0,51,80.504181
3.0,8,80.514755
9.0,19,80.537808
8.0,10,80.550351
4.0,12,80.564493
10.0,15,80.583584
9.0,10,80.595634
11.0,146,80.767926
7.0,14,80.786035
11.0,500,81.375704
7.0,10,81.38822
2.0,3,81.393249
10.0,178,81.607146
13.0,141,81.780905
3.0,4,81.785908
7.0,10,81.799052
8.0,114,81.936268
8.0,10,81.948842
8.0,14,81.965903
11.0,500,83.75357
7.0,10,83.76514
9.0,10,83.779712
11.0,356,84.208669
3.0,4,84.215301
11.0,99,84.335311
9.0,18,84.357451
10.0,464,84.935973
2.0,7,84.944489
8.0,10,84.957006
7.0,10,84.970523
7.0,10,84.983559
3.0,11,85.000434
9.0,10,85.012041
7.0,10,85.024612
8.0,10,85.038169
9.0,10,85.052314
10.0,45,85.104725
10.0,241,85.395707
11.0,500,85.997841
4.0,7,86.006395
10.0,15,86.023554
11.0,308,87.600745
3.0,4,87.606756
9.0,12,87.622309
11.0,253,87.922989
10.0,80,88.019562
10.0,141,88.18873
9.0,13,88.204281
9.0,10,88.217831
3.0,15,88.236897
2.0,7,88.245415
11.0,148,88.428886
11.0,192,88.655665
11.0,500,89.251123
9.0,11,89.264642
11.0,500,91.128977
10.0,334,91.564711
7.0,10,91.576319
7.0,10,91.591389
2.0,11,91.605533
9.0,13,91.621619
3.0,8,91.632226
11.0,26,91.6638
11.0,75,91.756017
7.0,10,91.768535
11.0,500,92.382237
4.0,12,92.396754
10.0,210,92.645184
9.0,10,92.656765
1.0,4,92.662335
11.0,500,93.253707
7.0,10,93.266223
11.0,69,93.353414
7.0,14,93.371443
9.0,11,93.387979
10.0,50,93.449263
10.0,12,93.466302
