#{"t_start": 1743759050.326193, "env_id": "chokepoint"}
r,l,t
3.0,7,0.047515
2.0,4,0.052515
8.0,12,0.069515
2.0,15,0.084512
3.0,10,0.095514
9.0,14,0.108512
1.0,5,0.115514
3.0,20,0.137514
5.0,16,0.152593
9.0,29,0.181941
3.0,12,0.193941
4.0,6,0.199941
9.0,35,0.234944
2.0,5,0.239971
3.0,20,0.260544
1.0,3,0.263547
4.0,19,0.282541
2.0,4,0.286544
6.0,28,0.313544
2.0,3,0.317544
6.0,12,0.329581
1.0,9,0.338581
1.0,5,0.344061
3.0,10,0.35407
2.0,8,0.36207
5.0,15,0.37707
2.0,7,0.38507
4.0,9,0.39507
3.0,24,0.421392
1.0,3,0.425389
2.0,11,0.436395
5.0,15,0.452919
8.0,20,0.473919
2.0,8,0.481919
9.0,13,0.495919
1.0,4,0.500919
4.0,31,0.532922
1.0,3,0.536919
3.0,15,0.55243
8.0,18,0.571431
8.0,17,0.589463
3.0,7,0.597465
1.0,3,0.601462
1.0,6,0.607462
3.0,16,0.625464
3.0,8,0.633468
3.0,12,0.64672
2.0,8,0.655715
3.0,20,0.67672
4.0,11,0.68872
6.0,21,0.71072
2.0,18,0.72975
2.0,8,0.738756
2.0,6,0.746295
3.0,10,0.7563
1.0,4,0.761302
6.0,11,0.773272
2.0,4,0.778304
1.0,6,0.7853
0.0,2,0.788301
3.0,8,0.796302
6.0,9,0.8063
3.0,5,0.812302
3.0,14,0.826296
3.0,8,0.835337
3.0,9,0.844882
4.0,10,0.855882
3.0,15,0.871881
7.0,17,0.889881
2.0,4,0.894881
3.0,8,0.90385
3.0,8,0.91188
3.0,6,0.91888
10.0,28,0.947488
7.0,12,0.960483
4.0,13,0.974458
6.0,18,0.993459
3.0,7,1.001494
4.0,22,1.024488
3.0,4,1.029525
3.0,13,1.042526
3.0,7,1.051096
4.0,8,1.0601
6.0,12,1.073099
5.0,16,1.0901
12.0,28,1.119099
2.0,7,1.127099
3.0,7,1.135133
7.0,16,1.151704
3.0,12,1.164707
3.0,9,1.174711
3.0,13,1.188705
7.0,13,1.202701
3.0,13,1.216706
1.0,15,1.232742
4.0,15,1.248313
3.0,11,1.260308
3.0,16,1.277315
3.0,9,1.287316
3.0,5,1.293283
2.0,6,1.300313
1.0,2,1.303283
6.0,10,1.314315
4.0,8,1.323285
5.0,11,1.335343
2.0,9,1.344886
3.0,13,1.358922
4.0,11,1.370925
3.0,8,1.379927
1.0,7,1.386925
2.0,6,1.393925
5.0,16,1.410923
8.0,13,1.424917
3.0,10,1.434964
3.0,4,1.439962
2.0,5,1.445531
1.0,12,1.45853
2.0,12,1.471533
7.0,13,1.485528
0.0,2,1.48853
4.0,27,1.516531
2.0,22,1.539568
2.0,5,1.545105
3.0,16,1.562141
2.0,10,1.573141
3.0,13,1.587141
1.0,4,1.592142
2.0,14,1.607139
8.0,19,1.627136
0.0,2,1.629144
6.0,21,1.651741
2.0,16,1.66875
4.0,7,1.676745
8.0,20,1.697751
3.0,10,1.708746
2.0,3,1.712745
3.0,9,1.722741
3.0,9,1.732777
1.0,4,1.737778
2.0,5,1.742777
3.0,33,1.777709
7.0,19,1.797746
6.0,14,1.812745
3.0,18,1.831782
3.0,5,1.836781
4.0,18,1.856358
5.0,32,1.889358
4.0,12,1.902354
3.0,17,1.921327
3.0,7,1.929328
3.0,7,1.937359
4.0,11,1.948908
4.0,11,1.960914
4.0,25,1.98691
5.0,20,2.007905
9.0,13,2.021909
2.0,5,2.027907
1.0,8,2.036945
0.0,1,2.03795
3.0,5,2.043943
3.0,7,2.051515
0.0,4,2.056512
1.0,3,2.060505
7.0,13,2.074515
2.0,9,2.083486
7.0,12,2.096517
7.0,28,2.126516
3.0,10,2.13655
3.0,6,2.14355
4.0,12,2.157123
3.0,18,2.176118
7.0,10,2.18696
0.0,7,2.194933
3.0,14,2.209959
3.0,17,2.227964
3.0,5,2.234007
4.0,23,3.403808
2.0,8,3.412807
1.0,11,3.428809
9.0,12,3.441812
4.0,9,3.452322
3.0,6,3.459321
3.0,6,3.468323
6.0,13,3.483321
1.0,4,3.488321
4.0,17,3.509323
5.0,32,3.559839
7.0,10,3.575838
3.0,11,3.589839
3.0,16,3.608839
3.0,12,3.622839
6.0,38,3.664357
1.0,14,3.679381
5.0,32,3.715357
7.0,24,3.743397
6.0,10,3.755927
1.0,4,3.760925
3.0,7,3.768929
0.0,5,3.774926
3.0,9,3.784926
0.0,2,3.787926
3.0,14,3.802924
3.0,11,3.814924
3.0,9,3.823924
3.0,5,3.829924
5.0,7,3.837929
8.0,14,3.853458
9.0,33,3.887491
1.0,3,3.891458
5.0,12,3.904483
5.0,17,3.922489
3.0,17,3.941524
2.0,9,3.951083
3.0,16,3.96809
4.0,12,3.981082
1.0,6,3.988083
3.0,19,4.008083
6.0,14,4.023086
3.0,17,4.041125
3.0,10,4.052699
3.0,6,4.059694
3.0,13,4.073686
3.0,6,4.080697
3.0,10,4.091694
3.0,16,4.108697
4.0,17,4.125692
6.0,12,4.138733
5.0,18,4.158304
3.0,19,4.178307
4.0,19,4.199272
3.0,8,4.207304
3.0,13,4.221304
0.0,2,4.224301
1.0,11,4.23634
11.0,43,4.280879
3.0,6,4.288881
2.0,5,4.294852
2.0,7,4.302881
3.0,10,4.313864
3.0,16,4.330528
4.0,25,4.357092
1.0,3,4.361094
3.0,18,4.379092
4.0,8,4.388092
7.0,25,4.414061
3.0,5,4.419092
8.0,19,4.440126
3.0,6,4.446663
4.0,18,4.464699
8.0,25,4.490699
0.0,4,4.495698
2.0,15,4.511707
8.0,54,4.566307
5.0,28,4.595277
7.0,13,4.609277
9.0,37,4.647882
2.0,6,4.654881
1.0,6,4.660882
8.0,28,4.689891
0.0,5,4.695881
3.0,8,4.703889
4.0,30,4.734918
7.0,18,4.75449
3.0,38,4.793491
3.0,12,4.806486
3.0,5,4.812491
3.0,11,4.823491
7.0,16,4.840524
8.0,36,4.878958
4.0,19,4.898958
0.0,2,4.901958
4.0,27,4.929959
3.0,8,4.938963
7.0,23,4.962475
7.0,28,4.991475
3.0,9,5.001475
2.0,4,5.006475
3.0,12,5.019479
3.0,10,5.030478
4.0,12,5.042487
3.0,12,5.056008
5.0,28,5.086008
3.0,11,5.097008
3.0,14,5.112007
5.0,15,5.128007
0.0,7,5.136071
3.0,16,5.152645
7.0,12,5.165643
4.0,18,5.183643
10.0,21,5.206644
2.0,12,5.218643
4.0,20,5.239685
7.0,21,5.262253
3.0,7,5.270256
3.0,13,5.283257
3.0,5,5.289256
6.0,16,5.306255
3.0,16,5.323256
2.0,15,5.339287
3.0,5,5.345282
3.0,17,5.362854
3.0,13,5.376849
2.0,16,5.393864
2.0,30,5.423853
8.0,13,5.437897
3.0,22,5.461463
3.0,13,5.474462
2.0,12,5.487461
1.0,2,5.490461
4.0,16,5.507459
7.0,24,5.532491
3.0,5,5.538461
3.0,7,5.545461
8.0,33,5.578973
5.0,16,5.595973
3.0,8,5.604973
4.0,19,6.804037
3.0,8,6.813034
2.0,12,6.826035
2.0,3,6.830035
4.0,22,6.853091
4.0,17,6.87109
3.0,33,6.907091
8.0,23,6.934094
3.0,26,6.96561
4.0,17,6.987638
4.0,14,7.004611
2.0,10,7.016638
3.0,7,7.025607
1.0,6,7.033611
4.0,6,7.040612
7.0,23,7.065126
3.0,32,7.099226
4.0,17,7.117257
3.0,16,7.133226
3.0,12,7.146231
3.0,6,7.152741
1.0,6,7.160741
2.0,7,7.168741
5.0,12,7.182742
4.0,12,7.197741
3.0,8,7.207742
8.0,15,7.22774
3.0,7,7.235811
3.0,5,7.241809
4.0,14,7.256382
9.0,20,7.277381
3.0,5,7.283352
3.0,6,7.292352
3.0,10,7.303384
7.0,24,7.328382
13.0,35,7.367491
3.0,14,7.38249
2.0,9,7.392492
1.0,8,7.401491
0.0,1,7.403492
3.0,10,7.414461
7.0,16,7.431492
10.0,33,7.466074
2.0,9,7.476074
3.0,10,7.487074
3.0,4,7.492074
4.0,15,7.508074
2.0,13,7.522105
3.0,8,7.531102
3.0,9,7.541079
4.0,10,7.552655
2.0,10,7.564622
7.0,27,7.593652
1.0,7,7.60162
3.0,8,7.610621
4.0,17,7.628621
0.0,1,7.63062
4.0,11,7.642625
6.0,14,7.657931
9.0,26,7.6859
8.0,18,7.704902
2.0,10,7.715928
8.0,17,7.733935
3.0,10,7.744944
3.0,18,7.764518
1.0,6,7.770515
9.0,31,7.803512
1.0,7,7.811516
8.0,23,7.835555
6.0,12,7.847562
2.0,9,7.858136
3.0,8,7.867134
6.0,11,7.879135
7.0,17,7.897132
3.0,10,7.908134
3.0,31,7.940143
1.0,16,7.958385
8.0,16,7.974385
3.0,11,7.986384
4.0,26,8.013415
2.0,18,8.031417
3.0,7,8.039448
1.0,9,8.049448
3.0,6,8.056025
12.0,24,8.081016
2.0,4,8.085016
5.0,15,8.101021
2.0,9,8.111024
0.0,3,8.114027
3.0,10,8.125018
0.0,2,8.128021
2.0,7,8.135023
4.0,15,8.151631
6.0,23,8.175632
8.0,29,8.206626
3.0,5,8.21263
0.0,2,8.215634
3.0,9,8.225633
10.0,29,8.256232
2.0,6,8.263237
7.0,17,8.281238
0.0,3,8.284237
7.0,17,8.302237
2.0,3,8.305235
7.0,13,8.319237
1.0,4,8.324238
3.0,23,8.347273
8.0,34,8.381814
3.0,9,8.391814
4.0,14,8.405813
7.0,29,8.435819
3.0,11,8.446819
3.0,23,8.471417
4.0,22,8.493417
8.0,14,8.508417
4.0,20,8.529417
3.0,12,8.542428
8.0,26,8.569025
3.0,21,8.591876
5.0,10,8.602875
3.0,7,8.609876
6.0,22,8.632878
7.0,23,8.657429
11.0,34,8.692428
3.0,9,8.701429
7.0,17,8.719434
6.0,16,8.736461
5.0,19,8.757028
4.0,13,8.771031
3.0,12,8.784029
8.0,37,8.82203
0.0,3,8.825042
6.0,15,8.841072
4.0,18,8.860643
2.0,8,8.869646
3.0,14,8.883643
8.0,15,8.899643
9.0,23,8.923643
3.0,7,8.931643
7.0,20,8.952762
4.0,23,8.976762
1.0,5,8.982762
2.0,7,8.989762
3.0,11,9.001762
1.0,17,10.150699
8.0,22,10.178704
7.0,16,10.197705
7.0,25,10.224705
3.0,11,10.236707
3.0,10,10.248738
7.0,16,10.266281
2.0,7,10.274281
4.0,24,10.300012
8.0,16,10.31701
9.0,22,10.341017
4.0,14,10.355528
4.0,8,10.364527
4.0,12,10.377558
7.0,13,10.391553
14.0,37,10.429553
3.0,9,10.438594
1.0,8,10.447593
3.0,11,10.459166
8.0,19,10.479166
7.0,21,10.501168
3.0,11,10.513166
3.0,22,10.536168
1.0,3,10.539203
6.0,9,10.549203
7.0,17,10.566776
3.0,7,10.574777
8.0,23,10.598771
4.0,13,10.612772
14.0,25,10.638809
4.0,14,10.65438
3.0,5,10.659385
4.0,20,10.681383
3.0,5,10.687383
3.0,9,10.697382
3.0,6,10.704389
3.0,9,10.713383
3.0,8,10.722379
3.0,19,10.742395
8.0,28,10.771968
4.0,10,10.782968
2.0,5,10.788967
4.0,13,10.802967
2.0,7,10.81097
3.0,6,10.816967
1.0,4,10.821967
3.0,23,10.845976
4.0,7,10.854543
3.0,8,10.862543
3.0,10,10.873543
8.0,15,10.889543
6.0,13,10.903512
0.0,2,10.90554
2.0,5,10.911546
3.0,12,10.924543
8.0,13,10.938578
2.0,7,10.946578
7.0,12,10.960119
9.0,15,10.977118
3.0,8,10.986149
3.0,18,11.005149
3.0,8,11.013149
9.0,26,11.041184
7.0,16,11.057752
7.0,14,11.07275
4.0,16,11.089755
7.0,19,11.10975
3.0,13,11.123757
6.0,10,11.134755
3.0,15,11.15079
2.0,10,11.162366
3.0,5,11.168334
7.0,17,11.186366
10.0,34,11.222361
10.0,36,11.25898
7.0,16,11.276978
9.0,17,11.294972
3.0,16,11.311982
3.0,18,11.331795
3.0,8,11.339823
3.0,15,11.356397
7.0,10,11.366398
2.0,8,11.375393
5.0,10,11.386368
3.0,8,11.3954
3.0,10,11.405368
7.0,21,11.427397
6.0,19,11.447433
7.0,21,11.46901
9.0,21,11.491013
9.0,16,11.508013
6.0,22,11.531013
4.0,12,11.544046
2.0,7,11.552585
4.0,19,11.572627
4.0,23,11.596621
3.0,8,11.605592
2.0,6,11.612623
3.0,7,11.619622
2.0,7,11.627628
4.0,10,11.638653
3.0,10,11.649653
3.0,7,11.657228
4.0,9,11.667231
2.0,9,11.677201
10.0,19,11.697201
2.0,18,11.716201
7.0,11,11.727201
3.0,13,11.741209
3.0,15,11.757725
3.0,6,11.764725
3.0,6,11.771725
8.0,13,11.785725
3.0,14,11.800725
9.0,23,11.824725
9.0,22,11.847734
3.0,8,11.856253
9.0,38,11.895268
3.0,11,11.90728
7.0,10,11.918286
4.0,20,11.939306
8.0,26,11.966885
7.0,21,11.988884
9.0,19,12.008889
3.0,8,12.017882
4.0,12,12.030887
9.0,32,12.065461
4.0,19,12.085462
6.0,10,12.095461
6.0,19,12.115461
7.0,13,12.130467
10.0,29,12.159975
9.0,28,12.190009
3.0,8,12.199524
4.0,10,12.210553
3.0,6,12.217553
7.0,9,12.227556
3.0,9,12.237553
7.0,14,12.252592
3.0,10,12.263174
4.0,20,12.285143
3.0,10,12.296172
9.0,17,12.314142
3.0,8,12.323142
5.0,21,13.48154
7.0,14,13.497543
13.0,38,13.544543
3.0,7,13.554056
8.0,32,13.589087
2.0,11,13.601052
10.0,17,13.619054
8.0,21,13.643061
7.0,12,13.658408
3.0,9,13.669408
3.0,5,13.676412
2.0,10,13.686411
10.0,24,13.711441
3.0,9,13.722414
9.0,15,13.73842
3.0,9,13.748421
0.0,1,13.75042
3.0,5,13.755931
4.0,10,13.766932
11.0,28,13.795933
7.0,25,13.824613
3.0,6,13.83261
7.0,13,13.851621
1.0,4,13.857137
7.0,11,13.870141
3.0,7,13.880136
2.0,8,13.889136
1.0,2,13.892136
7.0,16,13.909135
8.0,17,13.927167
3.0,4,13.933141
0.0,2,13.935141
3.0,6,13.945143
5.0,10,13.955651
10.0,40,13.999653
12.0,22,14.023682
3.0,7,14.031681
3.0,4,14.036681
3.0,21,14.058287
2.0,4,14.06326
9.0,22,14.08629
3.0,8,14.09529
3.0,4,14.10029
8.0,10,14.11129
3.0,7,14.11929
3.0,11,14.131292
7.0,10,14.142326
8.0,16,14.158889
8.0,13,14.17289
3.0,4,14.177892
3.0,5,14.183888
3.0,12,14.196856
3.0,19,14.216888
3.0,6,14.223888
3.0,8,14.23189
3.0,8,14.240926
10.0,14,14.256503
3.0,7,14.263497
7.0,19,14.283498
7.0,12,14.296495
7.0,12,14.309498
8.0,22,14.331497
7.0,12,14.344532
10.0,16,14.362106
8.0,14,14.376079
8.0,16,14.393107
3.0,6,14.399109
11.0,24,14.424109
0.0,1,14.426106
3.0,13,14.439141
9.0,24,14.463678
3.0,5,14.469679
7.0,11,14.480649
9.0,19,14.500649
7.0,13,14.513649
10.0,34,14.547654
3.0,22,14.57317
8.0,13,14.587168
3.0,9,14.596166
8.0,37,14.635164
10.0,34,14.669772
3.0,9,14.679775
3.0,11,14.690772
11.0,23,14.713774
8.0,18,14.732741
3.0,9,14.742798
7.0,19,14.762346
8.0,17,14.779319
7.0,9,14.789351
3.0,8,14.798346
8.0,26,14.824346
7.0,16,14.840383
6.0,10,14.85138
8.0,25,14.876953
3.0,43,14.918953
3.0,9,14.928949
2.0,5,14.93396
3.0,15,14.948996
3.0,14,14.963247
7.0,13,14.977247
8.0,27,15.004247
8.0,29,15.03325
12.0,32,15.064435
12.0,21,15.085435
8.0,21,15.106437
3.0,10,15.116406
2.0,9,15.126435
11.0,34,15.159726
3.0,7,15.1677
8.0,13,15.180729
11.0,21,15.201698
2.0,7,15.208729
8.0,12,15.221732
9.0,24,15.244761
7.0,31,15.275993
7.0,11,15.287024
7.0,27,15.31303
3.0,7,15.321024
8.0,17,15.338997
4.0,20,15.359264
7.0,16,15.375264
3.0,5,15.380264
7.0,26,15.408091
3.0,11,15.419084
3.0,19,15.43809
3.0,13,15.451126
12.0,19,15.470702
2.0,21,15.491671
7.0,11,15.50367
9.0,23,15.526673
7.0,15,15.541738
8.0,18,15.561306
7.0,15,15.576309
7.0,14,15.590309
3.0,6,15.597309
7.0,18,15.615309
10.0,20,15.6363
8.0,27,16.784806
13.0,36,16.821806
9.0,28,16.854813
3.0,9,16.865324
8.0,19,16.888325
3.0,6,16.895327
10.0,27,16.923323
7.0,11,16.935323
1.0,4,16.941323
5.0,8,16.950326
7.0,13,16.966843
4.0,15,16.982842
1.0,7,16.990842
1.0,3,16.995843
3.0,17,17.012843
9.0,18,17.031875
3.0,13,17.045904
9.0,18,17.064453
6.0,10,17.075462
11.0,30,17.105455
3.0,7,17.113453
8.0,28,17.142489
6.0,14,17.157766
1.0,6,17.164767
10.0,34,17.199732
3.0,12,17.21231
3.0,11,17.224309
7.0,15,17.240311
8.0,26,17.266928
15.0,27,17.294927
3.0,8,17.303928
9.0,19,17.322925
7.0,12,17.336898
2.0,14,17.351959
7.0,20,17.372513
7.0,14,17.387483
3.0,7,17.394483
8.0,21,17.4165
9.0,26,17.443556
6.0,18,17.462044
3.0,5,17.467045
9.0,19,17.487044
3.0,9,17.497044
3.0,12,17.509044
3.0,8,17.519042
3.0,9,17.529044
3.0,7,17.537044
2.0,9,17.547053
7.0,12,17.559561
8.0,23,17.583562
3.0,14,17.598562
3.0,6,17.605562
3.0,10,17.615562
5.0,7,17.623562
3.0,11,17.635562
3.0,11,17.646568
4.0,7,17.654567
7.0,8,17.66388
10.0,33,17.69788
12.0,31,17.72988
8.0,36,17.767428
3.0,4,17.771428
7.0,19,17.791428
11.0,43,17.836398
8.0,14,17.851406
9.0,14,17.865924
7.0,10,17.876924
7.0,12,17.889924
11.0,19,17.909924
3.0,14,17.924924
3.0,10,17.934924
8.0,28,17.963453
3.0,8,17.972453
8.0,18,17.991453
7.0,13,18.005481
3.0,6,18.01148
9.0,32,18.044516
13.0,40,18.086055
11.0,33,18.119054
10.0,27,18.146924
7.0,10,18.156924
3.0,12,18.170039
3.0,5,18.176039
3.0,6,18.182039
3.0,14,18.197006
3.0,7,18.205034
3.0,15,18.220039
3.0,6,18.22701
8.0,20,18.248074
7.0,15,18.263644
7.0,19,18.283643
7.0,12,18.295642
8.0,14,18.309642
3.0,7,18.317641
9.0,15,18.332644
3.0,11,18.344677
13.0,38,18.383215
3.0,7,18.390216
8.0,13,18.404216
11.0,45,18.450253
3.0,11,18.461827
9.0,11,18.472825
8.0,12,18.485827
12.0,46,18.533825
8.0,19,18.553863
14.0,35,18.589431
10.0,19,18.609437
7.0,13,18.623431
8.0,17,18.642437
8.0,16,18.659016
7.0,30,18.691016
12.0,22,18.714016
7.0,18,18.733019
11.0,17,18.751054
11.0,30,18.782633
10.0,21,18.804631
7.0,22,18.827631
10.0,30,18.859241
10.0,16,18.875242
7.0,21,18.897242
10.0,20,18.918241
3.0,5,18.924241
13.0,29,20.069232
3.0,7,20.077232
7.0,12,20.090228
10.0,23,20.114228
7.0,17,20.132231
3.0,9,20.14123
7.0,8,20.152232
3.0,6,20.159743
11.0,27,20.191746
8.0,12,20.204744
8.0,14,20.219743
7.0,10,20.230743
7.0,12,20.242742
3.0,9,20.251745
3.0,6,20.259256
9.0,20,20.280256
8.0,24,20.304287
8.0,15,20.31929
3.0,7,20.327291
7.0,21,20.348325
8.0,17,20.366872
2.0,4,20.37187
3.0,8,20.38087
3.0,8,20.38887
3.0,7,20.396872
11.0,26,20.422871
3.0,5,20.427899
9.0,27,20.456188
3.0,10,20.466762
3.0,10,20.477763
3.0,8,20.486763
12.0,17,20.503763
8.0,23,20.527763
8.0,13,20.541758
7.0,12,20.553795
3.0,5,20.559366
4.0,8,20.568368
10.0,27,20.595366
3.0,7,20.603365
9.0,17,20.620366
6.0,23,20.643366
11.0,15,20.659983
7.0,16,20.675978
7.0,18,20.69398
8.0,17,20.711977
8.0,23,20.735977
3.0,15,20.751019
3.0,4,20.756016
7.0,18,20.774559
3.0,6,20.780558
12.0,27,20.808559
3.0,9,20.818553
8.0,14,20.832529
8.0,21,20.853541
14.0,28,20.883076
13.0,42,20.925073
4.0,12,20.938069
12.0,24,20.962653
3.0,6,20.968652
8.0,15,20.984653
4.0,22,21.006653
8.0,11,21.018656
8.0,15,21.033653
10.0,25,21.05922
3.0,8,21.067251
13.0,38,21.10526
11.0,23,21.128256
7.0,11,21.140257
7.0,11,21.151294
7.0,10,21.161866
7.0,11,21.173869
3.0,6,21.179871
3.0,7,21.18787
5.0,10,21.197838
8.0,16,21.214869
3.0,6,21.220865
3.0,6,21.227841
9.0,19,21.247877
7.0,18,21.267002
11.0,27,21.293997
7.0,17,21.312006
3.0,7,21.319999
8.0,17,21.33697
3.0,7,21.345034
3.0,6,21.351035
3.0,8,21.360158
3.0,7,21.367132
8.0,20,21.388166
10.0,14,21.403163
7.0,19,21.422163
14.0,58,21.478684
7.0,8,21.487684
12.0,33,21.52268
3.0,7,21.530679
7.0,8,21.538711
7.0,18,21.557719
3.0,8,21.566294
7.0,17,21.584294
11.0,31,21.616293
7.0,11,21.627264
8.0,13,21.641294
8.0,23,21.664901
7.0,18,21.682908
15.0,34,21.716904
12.0,19,21.736906
3.0,8,21.744934
15.0,49,21.794485
3.0,20,21.814484
15.0,29,21.844484
3.0,10,21.854522
3.0,7,21.862097
12.0,23,21.886097
13.0,52,21.940099
3.0,9,21.950134
3.0,4,21.954136
3.0,7,21.961705
3.0,7,21.969705
7.0,17,21.987705
16.0,36,22.024705
7.0,12,22.037708
9.0,14,22.052743
16.0,20,22.073323
7.0,10,22.083867
3.0,6,22.090862
3.0,7,22.098832
6.0,13,22.111835
1.0,4,22.116835
3.0,11,22.128835
8.0,11,22.140835
11.0,19,22.160355
15.0,47,23.408948
9.0,12,23.421947
8.0,14,23.436947
9.0,14,23.451953
11.0,19,23.47246
3.0,7,23.479461
3.0,6,23.486463
9.0,12,23.50046
11.0,26,23.528461
10.0,23,23.555462
3.0,5,23.561969
3.0,9,23.571969
3.0,6,23.578969
3.0,5,23.585971
9.0,13,23.59997
11.0,31,23.631969
2.0,3,23.636002
3.0,5,23.641994
16.0,27,23.669616
6.0,7,23.677633
8.0,13,23.69161
12.0,33,23.725617
7.0,15,23.741614
3.0,9,23.751652
3.0,11,23.763217
18.0,28,23.799215
14.0,35,23.836218
4.0,14,23.851258
7.0,11,23.863798
9.0,18,23.8828
7.0,10,23.894799
7.0,12,23.90781
9.0,18,23.926798
12.0,34,23.96341
10.0,25,23.989409
7.0,10,24.00041
3.0,8,24.009412
8.0,17,24.027401
7.0,15,24.04341
8.0,9,24.053445
6.0,10,24.06402
7.0,17,24.082021
10.0,20,24.103019
7.0,13,24.116988
7.0,9,24.127022
7.0,17,24.14502
12.0,25,24.170629
3.0,5,24.176627
3.0,7,24.184624
7.0,13,24.198595
11.0,25,24.22538
7.0,15,24.241381
3.0,12,24.254389
3.0,6,24.260898
10.0,45,24.306908
10.0,19,24.326908
16.0,33,24.360967
7.0,9,24.372291
8.0,15,24.389282
8.0,10,24.400282
3.0,7,24.408285
15.0,31,24.441283
8.0,18,24.461287
16.0,26,24.490333
16.0,42,24.537333
7.0,10,24.550337
3.0,6,24.558341
8.0,14,24.573455
3.0,10,24.585454
10.0,17,24.604455
3.0,8,24.614456
3.0,6,24.621454
13.0,22,24.645454
12.0,22,24.670501
7.0,20,24.692499
7.0,19,24.712498
8.0,10,24.723498
13.0,30,24.754503
5.0,13,24.770016
13.0,30,24.803014
3.0,5,24.809019
7.0,10,24.821016
12.0,23,24.87054
7.0,10,24.88654
15.0,28,24.917538
8.0,12,24.931539
7.0,9,24.941541
7.0,14,24.957316
2.0,3,24.961827
3.0,5,24.967832
9.0,18,24.987835
7.0,30,25.018861
8.0,14,25.034864
10.0,32,25.068376
3.0,9,25.078385
10.0,23,25.106378
12.0,22,25.130376
7.0,13,25.144377
8.0,19,25.164889
8.0,12,25.178891
3.0,6,25.185889
8.0,15,25.201917
11.0,15,25.218922
7.0,16,25.235891
13.0,27,25.265099
7.0,14,25.2811
2.0,5,25.287102
11.0,23,25.312101
8.0,13,25.327101
10.0,19,25.348106
11.0,26,25.375638
13.0,27,25.404638
7.0,8,25.413639
1.0,3,25.417639
16.0,42,25.46067
8.0,15,25.477241
9.0,17,25.496242
3.0,5,25.501237
7.0,9,25.511242
8.0,12,25.524236
12.0,25,25.550278
3.0,8,25.559278
3.0,14,25.57385
3.0,10,25.584846
7.0,13,25.598854
5.0,7,25.606851
8.0,16,25.623854
9.0,13,25.637856
3.0,5,25.643852
12.0,28,26.840678
7.0,8,26.849681
6.0,10,26.860681
7.0,8,26.870186
7.0,11,26.882188
3.0,9,26.892189
3.0,7,26.90019
9.0,14,26.917189
7.0,12,26.930189
3.0,8,26.940186
8.0,15,26.957189
3.0,9,26.966696
14.0,31,27.005697
13.0,40,27.046697
3.0,6,27.053701
6.0,7,27.061703
10.0,25,27.08837
8.0,11,27.100399
9.0,16,27.1164
7.0,8,27.125399
8.0,14,27.140401
3.0,8,27.149438
8.0,19,27.168977
10.0,35,27.204004
3.0,5,27.21001
12.0,17,27.228002
8.0,20,27.249013
3.0,6,27.25604
3.0,5,27.26104
10.0,18,27.279619
7.0,19,27.299587
7.0,15,27.315617
8.0,13,27.328617
11.0,21,27.350652
9.0,18,27.36922
11.0,22,27.392224
15.0,29,27.42123
12.0,24,27.445223
5.0,14,27.460279
9.0,20,27.48085
3.0,6,27.486852
3.0,8,27.495849
14.0,33,27.529848
8.0,11,27.541842
10.0,22,27.565361
7.0,10,27.576391
9.0,22,27.599391
7.0,15,27.614391
12.0,21,27.636391
10.0,16,27.653392
15.0,32,27.686971
15.0,45,27.732972
12.0,21,27.755008
4.0,15,27.771578
3.0,7,27.779548
11.0,14,27.79458
3.0,9,27.804579
8.0,18,27.823577
3.0,9,27.833579
11.0,31,27.866127
3.0,6,27.873132
8.0,19,27.893136
2.0,5,27.899104
12.0,20,27.920135
7.0,25,27.946132
8.0,19,27.965744
14.0,46,28.012737
3.0,11,28.024712
3.0,10,28.035742
11.0,35,28.071358
9.0,16,28.08838
10.0,16,28.105354
7.0,13,28.120354
7.0,16,28.137359
3.0,5,28.143359
8.0,14,28.158419
12.0,33,28.192992
3.0,9,28.202993
16.0,33,28.236993
6.0,7,28.244997
9.0,23,28.268542
7.0,14,28.283571
7.0,14,28.298579
4.0,6,28.304566
7.0,17,28.322566
3.0,10,28.333571
7.0,12,28.346571
13.0,44,28.39206
6.0,10,28.403062
8.0,10,28.414062
12.0,24,28.439063
8.0,13,28.453071
7.0,14,28.468592
3.0,9,28.477591
13.0,44,28.523591
2.0,4,28.527591
3.0,5,28.533591
7.0,19,28.553658
11.0,38,28.591228
3.0,6,28.597227
3.0,11,28.609199
14.0,39,28.648228
3.0,8,28.657234
3.0,5,28.662236
7.0,13,28.676809
15.0,32,28.708787
3.0,9,28.717809
8.0,13,28.732811
3.0,6,28.738804
12.0,26,28.765387
8.0,13,28.779357
7.0,8,28.788386
6.0,9,28.798383
8.0,12,28.810386
8.0,11,28.822389
3.0,6,28.828392
12.0,24,28.853422
7.0,8,28.863418
12.0,21,28.884992
7.0,14,28.899992
8.0,22,28.921995
16.0,32,28.95503
14.0,23,28.97858
12.0,37,30.148999
7.0,10,30.161003
8.0,15,30.179509
3.0,9,30.192509
15.0,34,30.235511
14.0,35,30.276718
3.0,7,30.284718
13.0,26,30.311718
16.0,33,30.349719
3.0,14,30.363725
7.0,15,30.380263
7.0,10,30.391264
13.0,38,30.429234
3.0,11,30.441266
3.0,16,30.4583
8.0,21,30.479879
12.0,25,30.505879
8.0,12,30.518882
7.0,12,30.531878
2.0,4,30.536879
11.0,19,30.555915
3.0,13,30.570424
9.0,13,30.584423
8.0,20,30.605456
3.0,7,30.613455
15.0,28,30.642455
3.0,14,30.657494
3.0,7,30.665495
3.0,9,30.675758
12.0,23,30.699761
7.0,11,30.711761
7.0,10,30.722762
8.0,11,30.734761
3.0,6,30.741731
8.0,14,30.755736
3.0,6,30.762736
3.0,7,30.770247
8.0,21,30.792246
7.0,8,30.801247
3.0,12,30.813247
7.0,14,30.828247
8.0,14,30.84225
3.0,5,30.84825
7.0,13,30.862259
3.0,9,30.871777
12.0,24,30.897808
7.0,19,30.917799
11.0,30,30.948804
15.0,29,30.978413
3.0,7,30.986413
7.0,16,31.002416
12.0,16,31.019413
14.0,29,31.04942
9.0,19,31.069995
7.0,12,31.082025
12.0,33,31.116024
3.0,10,31.12702
8.0,20,31.148024
7.0,23,31.17163
3.0,10,31.182634
8.0,14,31.198601
8.0,22,31.221636
3.0,13,31.235631
8.0,12,31.248633
3.0,8,31.257668
3.0,6,31.263669
12.0,20,31.28524
7.0,15,31.30121
3.0,6,31.308241
8.0,14,31.323241
14.0,31,31.355285
12.0,25,31.382856
8.0,13,31.39686
16.0,52,31.450856
12.0,28,31.480465
14.0,27,31.509437
7.0,14,31.524464
3.0,5,31.529464
7.0,10,31.54146
11.0,23,31.5655
12.0,24,31.589731
10.0,19,31.609756
2.0,5,31.614756
3.0,8,31.623761
11.0,21,31.644763
11.0,23,31.668368
8.0,32,31.701359
8.0,12,31.714364
8.0,22,31.737364
3.0,10,31.747364
8.0,19,31.766932
3.0,6,31.773797
10.0,22,31.797797
12.0,37,31.835794
7.0,10,31.846795
7.0,11,31.858832
7.0,17,31.877398
12.0,25,31.90337
12.0,22,31.927399
6.0,14,31.942399
11.0,22,31.965436
3.0,6,31.972008
7.0,16,31.988977
15.0,27,32.016977
11.0,26,32.043977
15.0,29,32.07552
3.0,5,32.08152
9.0,11,32.09352
3.0,12,32.10552
14.0,30,32.13652
8.0,22,32.158529
3.0,10,32.170047
13.0,24,32.194047
3.0,5,32.200047
11.0,22,32.223047
13.0,27,32.251047
3.0,5,32.257056
11.0,30,32.287575
3.0,8,32.296575
3.0,13,32.310575
14.0,23,33.449512
3.0,5,33.455512
12.0,26,33.483019
3.0,15,33.499019
8.0,19,33.52202
3.0,11,33.537019
5.0,8,33.54602
3.0,10,33.558025
8.0,15,33.578535
12.0,30,33.611536
7.0,12,33.625536
8.0,15,33.641563
3.0,10,33.651566
12.0,27,33.680146
7.0,15,33.696177
3.0,9,33.70617
3.0,6,33.713175
3.0,6,33.720176
7.0,14,33.735176
9.0,14,33.751172
16.0,30,33.782789
2.0,4,33.787792
13.0,37,33.828875
9.0,14,33.843874
8.0,11,33.856912
3.0,5,33.862912
12.0,22,33.887391
7.0,12,33.901393
3.0,6,33.908391
14.0,21,33.930418
15.0,30,33.963456
7.0,12,33.976037
3.0,10,33.987035
3.0,6,33.99403
3.0,9,34.004033
3.0,8,34.013003
7.0,13,34.028006
7.0,9,34.039007
7.0,14,34.057009
7.0,10,34.068517
8.0,12,34.084521
8.0,24,34.110555
7.0,11,34.122555
10.0,18,34.142526
3.0,6,34.150524
7.0,12,34.163529
13.0,30,34.195044
14.0,39,34.24207
7.0,13,34.256108
3.0,7,34.264103
18.0,25,34.289654
2.0,4,34.294655
3.0,11,34.306654
13.0,28,34.335654
12.0,18,34.35366
8.0,13,34.36666
8.0,13,34.381171
3.0,8,34.389172
7.0,16,34.406172
7.0,14,34.421172
13.0,30,34.451172
8.0,22,34.473718
8.0,20,34.495522
7.0,13,34.509522
10.0,25,34.535521
7.0,13,34.548522
7.0,17,34.566525
12.0,15,34.583033
12.0,19,34.603062
14.0,35,34.639069
11.0,21,34.661103
7.0,27,34.688673
3.0,4,34.693681
3.0,9,34.702678
11.0,24,34.727679
8.0,12,34.741681
3.0,5,34.747678
8.0,14,34.762708
9.0,16,34.779283
8.0,16,34.797285
13.0,26,34.824253
3.0,5,34.830253
12.0,25,34.856318
11.0,15,34.8718
3.0,13,34.8848
12.0,26,34.9128
3.0,8,34.9208
3.0,9,34.9308
7.0,31,34.961804
15.0,31,34.993312
7.0,13,35.007344
12.0,27,35.035344
13.0,22,35.057381
8.0,13,35.070952
9.0,12,35.083921
13.0,24,35.108954
12.0,23,35.131947
7.0,10,35.14296
6.0,12,35.155991
7.0,14,35.170567
8.0,13,35.183565
8.0,14,35.198533
8.0,16,35.215564
3.0,8,35.223565
12.0,33,35.256989
8.0,16,35.273564
12.0,31,35.304565
3.0,9,35.314567
7.0,11,35.32556
12.0,26,35.35256
3.0,10,35.3636
7.0,10,35.374723
8.0,19,35.394721
3.0,9,35.403716
8.0,16,35.420718
3.0,7,35.428716
3.0,4,35.432721
3.0,15,35.448725
3.0,5,35.454756
7.0,13,35.469293
7.0,15,35.484299
15.0,28,35.513299
3.0,5,35.518299
12.0,19,35.538299
0.0,5,35.544299
7.0,17,35.562303
11.0,18,35.580849
7.0,16,35.597846
9.0,12,35.610817
10.0,27,36.785455
14.0,35,36.822454
11.0,27,36.850454
13.0,32,36.886967
8.0,15,36.904969
9.0,23,36.929969
14.0,33,36.966585
12.0,20,36.988094
14.0,33,37.023093
11.0,16,37.040094
3.0,5,37.046094
3.0,10,37.0571
3.0,7,37.0641
12.0,21,37.088615
3.0,8,37.096615
3.0,4,37.101615
3.0,5,37.106615
14.0,32,37.139615
7.0,11,37.151615
7.0,9,37.161623
15.0,25,37.188145
7.0,10,37.199145
11.0,31,37.230471
10.0,15,37.24647
1.0,5,37.25247
3.0,7,37.259475
3.0,8,37.268476
12.0,24,37.293018
12.0,20,37.313016
9.0,20,37.334016
3.0,7,37.342015
4.0,9,37.352015
12.0,25,37.377221
12.0,32,37.410189
3.0,6,37.41622
7.0,11,37.42822
13.0,29,37.458196
6.0,9,37.468199
3.0,7,37.47573
3.0,7,37.483757
8.0,11,37.495757
9.0,17,37.513757
15.0,24,37.537754
16.0,28,37.566788
8.0,17,37.585334
7.0,12,37.598306
8.0,21,37.619306
14.0,22,37.642303
14.0,31,37.674821
7.0,12,37.686821
15.0,41,37.729851
3.0,6,37.737851
9.0,21,37.759889
12.0,17,37.778434
3.0,9,37.788468
3.0,5,37.793464
11.0,29,37.823463
3.0,8,37.83266
12.0,31,37.864696
12.0,23,37.88992
8.0,10,37.900921
15.0,30,37.931921
10.0,21,37.95392
8.0,14,37.969952
9.0,22,37.992526
7.0,16,38.009522
13.0,55,38.066565
3.0,9,38.076106
14.0,28,38.106074
3.0,5,38.112075
8.0,13,38.126106
12.0,20,38.147109
3.0,6,38.154107
14.0,28,38.182712
7.0,11,38.194711
13.0,31,38.227719
11.0,16,38.244711
3.0,16,38.261753
13.0,33,38.295328
10.0,36,38.333328
3.0,9,38.343327
12.0,16,38.360376
7.0,12,38.372936
7.0,12,38.385937
10.0,22,38.408937
8.0,13,38.422941
9.0,12,38.435936
3.0,6,38.441937
8.0,15,38.457971
3.0,10,38.468976
7.0,11,38.480483
13.0,32,38.513484
12.0,31,38.544452
13.0,37,38.582719
9.0,17,38.59972
14.0,23,38.62375
14.0,26,38.650732
8.0,13,38.664796
3.0,7,38.67232
7.0,15,38.688358
12.0,19,38.709357
3.0,6,38.715354
7.0,13,38.72936
5.0,7,38.737351
14.0,20,38.758392
3.0,8,38.767392
14.0,29,38.797968
11.0,21,38.819968
14.0,35,38.856965
8.0,11,38.868
13.0,25,38.894577
12.0,24,38.919576
8.0,21,38.941573
14.0,26,40.090468
11.0,18,40.110468
8.0,14,40.125468
12.0,27,40.154468
3.0,7,40.163471
8.0,11,40.176979
7.0,12,40.19298
14.0,29,40.244982
12.0,26,40.30051
13.0,25,40.34423
9.0,18,40.376758
12.0,30,40.419754
7.0,19,40.444756
7.0,12,40.45876
7.0,19,40.482203
13.0,40,40.529229
3.0,7,40.538229
10.0,20,40.562204
8.0,12,40.575773
12.0,20,40.596772
3.0,5,40.601743
3.0,17,40.620742
14.0,35,40.65674
3.0,13,40.669745
3.0,9,40.680256
12.0,17,40.698256
3.0,8,40.706698
14.0,31,40.7497
3.0,6,40.761706
15.0,29,40.799214
3.0,11,40.810213
3.0,5,40.816214
3.0,9,40.826213
14.0,33,40.863224
7.0,14,40.878742
14.0,29,40.909741
14.0,50,40.961745
7.0,10,40.971743
9.0,15,40.987254
7.0,15,41.003279
11.0,19,41.023281
3.0,9,41.032281
5.0,6,41.039281
14.0,22,41.062322
12.0,23,41.084897
14.0,21,41.107866
7.0,12,41.120864
14.0,29,41.152867
7.0,12,41.165929
3.0,9,41.175508
9.0,15,41.191506
8.0,14,41.2065
7.0,10,41.21751
3.0,9,41.227478
3.0,4,41.232512
3.0,8,41.241476
7.0,10,41.252476
12.0,19,41.273051
7.0,10,41.285057
3.0,5,41.290057
3.0,6,41.297055
12.0,14,41.315057
14.0,31,41.349056
8.0,12,41.364063
10.0,18,41.38858
13.0,23,41.417575
7.0,11,41.430607
12.0,24,41.458585
3.0,5,41.46559
8.0,11,41.479119
7.0,10,41.491095
12.0,22,41.514096
7.0,9,41.524125
15.0,21,41.546129
7.0,11,41.558125
3.0,14,41.573706
7.0,15,41.589742
12.0,20,41.610742
7.0,13,41.624743
3.0,7,41.632742
13.0,26,41.660775
3.0,9,41.67078
3.0,7,41.678355
16.0,39,41.718933
8.0,10,41.729932
3.0,7,41.737937
14.0,23,41.761973
14.0,29,41.792545
3.0,18,41.811548
8.0,17,41.83054
12.0,18,41.849545
7.0,10,41.860582
3.0,7,41.868582
14.0,17,41.886127
7.0,12,41.89913
10.0,19,41.919129
14.0,40,41.960166
3.0,9,41.970164
8.0,17,41.988731
7.0,12,42.001704
13.0,25,42.026703
7.0,22,42.050704
3.0,7,42.057703
14.0,38,42.097232
11.0,32,42.129232
8.0,15,42.145232
14.0,30,42.175758
3.0,5,42.180758
14.0,33,42.214758
3.0,5,42.220759
14.0,24,42.244756
7.0,11,42.256756
3.0,5,42.262761
8.0,14,42.277272
12.0,22,42.299272
3.0,9,42.309271
8.0,21,42.331272
13.0,27,42.359284
12.0,17,42.376793
14.0,23,42.399792
3.0,13,43.553993
7.0,12,43.569001
14.0,27,43.597512
9.0,16,43.617512
8.0,14,43.634509
12.0,21,43.656509
12.0,26,43.687025
13.0,38,43.73703
3.0,6,43.74403
12.0,25,43.770038
3.0,4,43.774548
3.0,6,43.781558
3.0,8,43.790558
3.0,8,43.799558
8.0,24,43.824558
7.0,8,43.833554
12.0,17,43.851555
0.0,2,43.853554
7.0,14,43.868558
13.0,26,43.896073
8.0,11,43.907102
3.0,8,43.916109
3.0,11,43.928112
10.0,16,43.945104
3.0,10,43.955102
7.0,12,43.968113
7.0,10,43.97869
12.0,21,44.000681
13.0,22,44.023687
15.0,28,44.052529
7.0,11,44.064534
14.0,30,44.096112
1.0,2,44.099113
14.0,27,44.127082
8.0,27,44.155113
13.0,17,44.173146
13.0,23,44.196686
15.0,41,44.238724
12.0,30,44.269699
8.0,24,44.294219
2.0,3,44.298219
15.0,45,44.344219
12.0,30,44.374736
8.0,13,44.387745
3.0,7,44.395746
12.0,18,44.416743
3.0,10,44.431087
8.0,17,44.452088
7.0,15,44.46815
17.0,37,44.506716
7.0,14,44.521692
7.0,14,44.536722
14.0,21,44.558727
7.0,9,44.56876
3.0,7,44.577328
8.0,25,44.603333
12.0,30,44.634334
9.0,11,44.64632
11.0,25,44.673356
15.0,30,44.704926
12.0,20,44.72593
7.0,12,44.738926
7.0,14,44.753899
7.0,10,44.763905
7.0,13,44.777416
7.0,8,44.786416
14.0,25,44.812417
11.0,30,44.842416
3.0,7,44.850416
3.0,6,44.856416
12.0,22,44.879935
7.0,11,44.890934
8.0,30,44.921934
9.0,13,44.935935
7.0,9,44.945934
10.0,37,44.984452
7.0,9,44.994452
7.0,10,45.004452
3.0,9,45.014452
3.0,5,45.020451
9.0,15,45.035452
12.0,16,45.052452
13.0,26,45.07897
12.0,28,45.10797
7.0,8,45.11697
12.0,17,45.13497
14.0,32,45.167006
7.0,9,45.176606
8.0,11,45.188606
11.0,19,45.208601
12.0,25,45.234608
16.0,33,45.26764
16.0,37,45.30456
7.0,13,45.318559
3.0,11,45.33056
14.0,25,45.356556
7.0,15,45.372567
12.0,37,45.41114
3.0,7,45.420138
7.0,9,45.431139
3.0,8,45.441142
7.0,13,45.457139
15.0,26,45.488657
7.0,18,45.508656
14.0,20,45.530655
3.0,17,45.549686
7.0,16,45.566713
12.0,29,45.596287
12.0,26,45.623286
3.0,8,45.632257
10.0,24,45.658286
7.0,10,45.668326
7.0,12,45.681866
1.0,2,45.684897
3.0,7,45.692897
12.0,44,45.738897
12.0,23,46.922987
7.0,8,46.931988
11.0,17,46.950985
7.0,15,46.967992
12.0,33,47.004505
7.0,9,47.017502
3.0,10,47.029503
3.0,6,47.036505
3.0,11,47.049505
7.0,13,47.067508
3.0,4,47.072509
8.0,20,47.095531
12.0,20,47.11753
14.0,28,47.147529
7.0,10,47.158559
12.0,22,47.182131
12.0,25,47.208161
14.0,35,47.244161
12.0,23,47.268196
3.0,7,47.275197
8.0,12,47.288763
3.0,4,47.292743
14.0,37,47.330763
9.0,24,47.355763
12.0,31,47.38737
12.0,25,47.41337
3.0,9,47.423372
12.0,23,47.44737
13.0,31,47.478973
12.0,19,47.499974
16.0,26,47.526974
3.0,18,47.545975
11.0,15,47.560977
14.0,24,47.58659
7.0,10,47.59759
7.0,13,47.611591
3.0,7,47.618589
3.0,18,47.63759
14.0,31,47.669627
7.0,11,47.681937
3.0,5,47.687932
7.0,18,47.70694
7.0,9,47.716933
3.0,4,47.721902
3.0,9,47.73193
14.0,22,47.754927
7.0,13,47.768966
15.0,32,47.802548
2.0,4,47.807535
12.0,26,47.834538
7.0,10,47.845538
13.0,19,47.86576
7.0,12,47.878331
7.0,14,47.893326
7.0,11,47.905327
3.0,7,47.912296
3.0,6,47.919323
7.0,12,47.932297
3.0,10,47.943321
7.0,13,47.956326
7.0,8,47.965345
7.0,19,47.984919
3.0,8,47.993917
3.0,6,47.999922
7.0,10,48.010915
7.0,13,48.024888
13.0,25,48.050888
14.0,28,48.07943
3.0,6,48.086436
7.0,12,48.099435
15.0,25,48.125436
3.0,5,48.131246
7.0,8,48.140254
9.0,13,48.154248
3.0,4,48.159253
6.0,18,48.178572
13.0,37,48.21557
7.0,15,48.23157
7.0,12,48.244571
3.0,8,48.252571
8.0,16,48.269611
12.0,24,48.29518
12.0,18,48.313157
12.0,21,48.335157
16.0,37,48.373165
3.0,6,48.379684
3.0,7,48.387684
8.0,15,48.403684
16.0,33,48.437684
3.0,4,48.441684
7.0,15,48.457711
12.0,23,48.481952
13.0,24,48.506952
16.0,30,48.537953
9.0,15,48.552951
3.0,8,48.561952
17.0,32,48.594554
12.0,16,48.611547
12.0,35,48.64852
8.0,16,48.666523
7.0,8,48.675558
15.0,25,48.702127
9.0,16,48.719126
6.0,13,48.733125
16.0,27,48.761136
3.0,9,48.772133
12.0,21,48.79371
14.0,23,48.817714
12.0,27,48.845713
14.0,24,48.869721
7.0,8,48.879289
3.0,10,48.88929
3.0,10,48.90029
12.0,24,48.924289
14.0,25,48.950289
11.0,25,48.975296
7.0,11,48.986871
3.0,5,48.992867
7.0,10,49.002873
15.0,28,49.031841
14.0,30,49.061841
11.0,19,50.308778
14.0,22,50.332778
8.0,12,50.349778
8.0,18,50.37378
7.0,12,50.389289
15.0,32,50.424289
7.0,13,50.442288
15.0,42,50.494809
8.0,10,50.507808
8.0,14,50.522808
14.0,26,50.553813
12.0,29,50.592337
3.0,4,50.599335
14.0,29,50.642333
7.0,10,50.656333
12.0,20,50.680396
10.0,18,50.700397
12.0,34,50.752395
16.0,27,50.783916
10.0,13,50.800918
14.0,24,50.826916
14.0,29,50.862918
14.0,24,50.888553
3.0,6,50.894555
12.0,29,50.925553
15.0,31,50.957553
8.0,14,50.972588
3.0,15,50.989164
14.0,29,51.019165
14.0,25,51.045132
7.0,13,51.059163
12.0,27,51.08678
7.0,11,51.09878
3.0,11,51.110776
14.0,23,51.13578
14.0,26,51.163785
7.0,8,51.172784
3.0,12,51.187304
12.0,20,51.212338
15.0,27,51.240368
7.0,10,51.251367
7.0,20,51.272402
14.0,30,51.302971
12.0,25,51.328945
11.0,25,51.355973
7.0,8,51.364943
14.0,35,51.400461
7.0,8,51.409461
14.0,25,51.434461
12.0,20,51.45546
14.0,23,51.478466
12.0,25,51.505002
7.0,11,51.516007
12.0,23,51.540007
14.0,39,51.58115
3.0,6,51.58715
12.0,21,51.609149
3.0,6,51.61615
12.0,24,51.640149
7.0,8,51.649149
11.0,15,51.66616
3.0,7,51.67416
12.0,19,51.693679
14.0,27,51.721679
7.0,9,51.731679
15.0,36,51.767688
8.0,12,51.781206
14.0,45,51.827206
14.0,26,51.854206
14.0,30,51.884736
12.0,27,51.912736
12.0,21,51.934736
7.0,13,51.948735
3.0,10,51.959736
7.0,9,51.969745
13.0,21,51.991263
7.0,19,52.011263
12.0,16,52.028263
3.0,5,52.034263
14.0,31,52.066272
7.0,11,52.078302
12.0,18,52.096841
12.0,18,52.115842
12.0,17,52.133841
15.0,34,52.168848
14.0,33,52.205364
7.0,13,52.221133
3.0,4,52.227137
14.0,19,52.249135
8.0,23,52.276169
7.0,13,52.291735
14.0,24,52.318735
7.0,11,52.332735
15.0,31,52.368759
7.0,10,52.381313
11.0,20,52.40435
9.0,23,52.430349
12.0,30,52.466384
3.0,7,52.475356
14.0,22,52.500955
8.0,16,52.519953
7.0,12,52.533927
3.0,6,52.540957
7.0,13,52.555958
14.0,28,52.587155
3.0,5,52.593156
12.0,18,53.927113
14.0,25,53.961777
14.0,26,53.998922
14.0,21,54.029921
9.0,14,54.055922
14.0,31,54.11022
14.0,28,54.143219
12.0,25,54.170225
7.0,10,54.18474
15.0,29,54.228741
14.0,21,54.258741
7.0,9,54.271746
14.0,29,54.308258
7.0,13,54.323262
6.0,7,54.331263
14.0,29,54.366261
12.0,20,54.38982
3.0,5,54.396787
12.0,17,54.416791
14.0,27,54.445819
14.0,25,54.472827
12.0,21,54.496428
3.0,4,54.500398
9.0,16,54.518429
9.0,11,54.530428
12.0,19,54.551398
12.0,22,54.574404
8.0,12,54.586912
7.0,12,54.599912
8.0,13,54.613923
3.0,7,54.621914
12.0,18,54.640914
14.0,25,54.666911
14.0,23,54.691425
12.0,16,54.708425
14.0,22,54.732424
14.0,23,54.756425
12.0,19,54.776462
11.0,18,54.795973
11.0,28,54.824976
6.0,7,54.832973
7.0,12,54.845973
8.0,13,54.859976
13.0,21,54.880985
14.0,22,54.904504
2.0,5,54.910503
3.0,6,54.917504
8.0,11,54.929504
3.0,7,54.936504
7.0,14,54.95227
3.0,11,54.96424
3.0,6,54.970306
12.0,28,54.999883
14.0,23,55.023852
12.0,17,55.041851
13.0,23,55.065853
7.0,17,55.084369
14.0,20,55.104369
7.0,11,55.115369
7.0,9,55.125369
7.0,11,55.137369
12.0,20,55.158373
3.0,5,55.16437
14.0,23,55.189897
14.0,28,55.218896
3.0,9,55.228896
14.0,19,55.248924
14.0,29,55.278966
14.0,31,55.310535
11.0,22,55.333536
15.0,22,55.356535
7.0,10,55.367542
7.0,12,55.380577
12.0,19,55.40015
13.0,26,55.42715
3.0,10,55.43815
8.0,11,55.449151
3.0,5,55.455153
12.0,22,55.478185
11.0,16,55.494757
14.0,25,55.520762
12.0,25,55.545762
7.0,10,55.556757
7.0,10,55.567767
8.0,14,55.581803
3.0,4,55.587376
6.0,9,55.597345
12.0,29,55.627374
13.0,29,55.657378
7.0,10,55.668374
7.0,10,55.679408
12.0,20,55.703892
12.0,14,55.721891
12.0,24,55.749891
8.0,17,55.768896
7.0,9,55.779895
12.0,27,55.808404
3.0,4,55.813404
13.0,28,55.841429
3.0,5,55.847436
15.0,29,55.877455
3.0,12,55.890797
8.0,14,55.905799
15.0,25,55.931769
3.0,15,55.94777
2.0,4,55.95277
7.0,15,55.968779
7.0,16,55.986296
14.0,27,56.016298
7.0,9,56.026295
14.0,25,56.053298
11.0,19,56.073307
15.0,37,56.111814
13.0,26,56.138814
2.0,3,56.141814
3.0,8,56.150815
14.0,30,56.181856
14.0,21,56.203896
14.0,22,57.353043
7.0,10,57.366043
12.0,17,57.38616
14.0,29,57.421701
6.0,8,57.431701
3.0,6,57.438702
8.0,18,57.460702
3.0,10,57.471706
7.0,13,57.48521
3.0,5,57.491213
13.0,34,57.533244
15.0,33,57.567242
13.0,22,57.589823
12.0,22,57.611826
3.0,7,57.619823
3.0,6,57.626824
7.0,12,57.638824
7.0,11,57.650821
14.0,26,57.677862
12.0,29,57.707374
15.0,24,57.731407
12.0,24,57.756406
14.0,28,57.78498
13.0,22,57.808017
14.0,32,57.840018
3.0,4,57.845016
15.0,38,57.883646
12.0,26,57.910029
12.0,20,57.931021
14.0,34,57.964993
9.0,19,57.984565
14.0,19,58.005602
12.0,17,58.023597
12.0,19,58.042601
15.0,28,58.071637
12.0,21,58.092866
12.0,21,58.114865
12.0,17,58.13187
14.0,25,58.157861
3.0,7,58.165866
3.0,5,58.170901
14.0,25,58.196412
7.0,10,58.206443
7.0,10,58.217447
12.0,21,58.238444
14.0,20,58.259443
14.0,25,58.283476
12.0,17,58.302055
12.0,34,58.33505
3.0,8,58.344053
14.0,20,58.364049
15.0,28,58.393577
7.0,8,58.402577
10.0,19,58.421577
7.0,11,58.433577
7.0,13,58.447577
14.0,22,58.470643
13.0,35,58.506214
3.0,8,58.514217
3.0,7,58.52221
12.0,30,58.553211
12.0,21,58.57425
8.0,12,58.586743
14.0,23,58.610742
7.0,10,58.620743
14.0,18,58.639743
7.0,10,58.65077
14.0,32,58.682802
3.0,5,58.688375
8.0,13,58.703368
7.0,14,58.718373
8.0,18,58.736373
3.0,8,58.745344
12.0,20,58.766374
15.0,29,58.796905
12.0,29,58.825904
14.0,34,58.861933
12.0,18,58.87997
3.0,6,58.887533
12.0,19,58.906534
3.0,8,58.915534
3.0,6,58.922539
14.0,22,58.945505
14.0,40,58.986079
12.0,23,59.010116
7.0,15,59.025923
12.0,20,59.046923
8.0,15,59.062925
14.0,29,59.09253
13.0,40,59.132534
13.0,26,59.158533
14.0,28,59.187147
3.0,5,59.193143
3.0,6,59.200116
12.0,27,59.228117
12.0,14,59.242117
8.0,10,59.253116
12.0,25,59.279675
12.0,21,59.302188
7.0,10,59.313188
14.0,24,59.338191
14.0,25,59.364213
14.0,28,59.393833
14.0,25,59.418833
7.0,18,59.437831
3.0,12,59.450833
13.0,20,59.471868
7.0,10,60.639868
3.0,5,60.645867
7.0,10,60.656867
12.0,25,60.686381
7.0,12,60.703389
3.0,8,60.712389
14.0,30,60.750389
14.0,20,60.777392
14.0,34,60.824901
12.0,22,60.858901
12.0,30,60.898424
7.0,16,60.921058
14.0,25,60.955058
14.0,23,60.982066
12.0,16,61.003587
14.0,26,61.036584
14.0,20,61.061612
3.0,10,61.07265
12.0,18,61.093188
12.0,20,61.118216
12.0,30,61.149217
12.0,14,61.166215
3.0,9,61.176228
13.0,30,61.207744
7.0,12,61.220745
8.0,11,61.233744
14.0,28,61.262744
3.0,9,61.272753
12.0,21,61.296296
12.0,17,61.314327
7.0,10,61.324327
7.0,8,61.333331
12.0,16,61.350299
3.0,6,61.3573
12.0,21,61.380307
14.0,26,61.407827
6.0,10,61.418828
3.0,7,61.426826
14.0,33,61.461854
3.0,12,61.473891
14.0,18,61.493431
7.0,11,61.5054
7.0,10,61.516434
8.0,11,61.527434
12.0,21,61.549426
14.0,27,61.577469
14.0,28,61.606042
12.0,28,61.635006
12.0,40,61.675046
14.0,19,61.694652
12.0,30,61.724652
14.0,30,61.755655
14.0,25,61.781531
12.0,22,61.805043
7.0,13,61.819073
7.0,13,61.833068
7.0,13,61.847041
14.0,24,61.872073
8.0,17,61.889687
13.0,31,61.921688
11.0,27,61.950657
14.0,33,61.984659
12.0,26,62.011205
14.0,22,62.035177
14.0,26,62.0612
15.0,29,62.090819
14.0,23,62.114818
14.0,21,62.136821
14.0,32,62.169821
7.0,14,62.184854
14.0,26,62.213401
3.0,5,62.220397
14.0,32,62.2524
7.0,14,62.267399
7.0,11,62.279433
15.0,28,62.308974
15.0,33,62.341974
3.0,5,62.347979
3.0,4,62.351979
7.0,17,62.369979
12.0,16,62.386011
12.0,17,62.404586
12.0,24,62.429553
7.0,10,62.440555
3.0,6,62.446585
3.0,4,62.451586
12.0,23,62.475591
14.0,18,62.494147
7.0,10,62.505148
3.0,13,62.519181
12.0,17,62.53617
14.0,19,62.556149
7.0,11,62.56817
14.0,17,62.586155
14.0,29,62.615698
14.0,25,62.641695
3.0,7,62.649688
7.0,9,62.659696
14.0,25,62.684702
3.0,8,62.694207
7.0,17,62.71122
12.0,29,62.741216
14.0,38,62.779249
2.0,4,62.784244
12.0,24,62.808821
3.0,6,62.814823
3.0,11,62.826821
3.0,7,62.834823
12.0,28,62.862819
3.0,5,62.868821
12.0,19,64.09361
8.0,14,64.11361
14.0,31,64.154609
11.0,18,64.179613
12.0,30,64.217124
3.0,5,64.224125
14.0,21,64.252125
14.0,21,64.275131
15.0,26,64.303644
8.0,15,64.319644
14.0,23,64.343642
3.0,7,64.351642
14.0,30,64.382648
15.0,28,64.411181
3.0,6,64.418189
12.0,23,64.442188
14.0,25,64.468191
12.0,21,64.490811
12.0,18,64.5098
3.0,7,64.516806
3.0,8,64.525776
3.0,5,64.531806
12.0,22,64.553808
12.0,16,64.570803
12.0,27,64.598295
3.0,7,64.606265
14.0,24,64.631295
12.0,23,64.654291
7.0,15,64.670295
12.0,25,64.69588
12.0,24,64.720877
12.0,20,64.74191
12.0,20,64.762906
12.0,15,64.777948
7.0,10,64.789487
7.0,12,64.801524
12.0,20,64.821529
15.0,26,64.848525
3.0,6,64.855494
14.0,24,64.880561
12.0,24,64.905126
12.0,21,64.927131
3.0,5,64.932131
14.0,22,64.956131
12.0,30,64.988113
12.0,21,65.009665
14.0,22,65.032661
14.0,26,65.060659
14.0,31,65.091274
7.0,10,65.102243
12.0,19,65.122275
14.0,24,65.146274
7.0,9,65.15527
3.0,7,65.163274
12.0,30,65.193795
12.0,19,65.214765
14.0,22,65.238765
14.0,27,65.266765
12.0,22,65.290376
14.0,31,65.321369
12.0,16,65.338369
7.0,11,65.349743
14.0,25,65.377747
14.0,34,65.413357
12.0,23,65.437329
12.0,22,65.461329
12.0,17,65.479338
14.0,24,65.504859
12.0,19,65.52486
14.0,25,65.55286
3.0,7,65.56086
14.0,23,65.584869
12.0,20,65.606419
14.0,20,65.627414
14.0,19,65.646415
14.0,26,65.673414
14.0,21,65.695029
12.0,17,65.713019
14.0,22,65.735994
12.0,16,65.752994
14.0,25,65.780001
12.0,15,65.795572
3.0,5,65.801572
14.0,25,65.827572
12.0,14,65.842417
14.0,33,65.876404
9.0,15,65.892923
12.0,16,65.90995
7.0,17,65.92792
14.0,30,65.960922
7.0,10,65.974921
12.0,20,65.998441
14.0,24,66.027441
11.0,16,66.045441
7.0,9,66.056445
12.0,21,66.079453
14.0,33,66.113972
3.0,6,66.121972
14.0,26,66.148972
3.0,10,66.159971
7.0,9,66.169971
14.0,26,66.198589
12.0,16,66.215584
14.0,30,66.247584
12.0,25,66.273585
12.0,15,66.28862
7.0,9,67.562129
3.0,5,67.572128
14.0,20,67.602649
12.0,20,67.633648
12.0,19,67.662649
12.0,22,67.689651
12.0,21,67.71716
3.0,7,67.728159
3.0,4,67.734163
3.0,8,67.74716
3.0,8,67.757164
7.0,9,67.77316
3.0,4,67.779169
13.0,26,67.814689
12.0,18,67.833686
14.0,23,67.858685
12.0,21,67.883692
12.0,17,67.902215
7.0,9,67.911215
8.0,13,67.928215
12.0,21,67.951212
12.0,17,67.970212
3.0,4,67.974212
14.0,22,67.997731
14.0,24,68.023731
12.0,20,68.04473
7.0,11,68.056731
14.0,22,68.080737
14.0,27,68.109248
13.0,18,68.128246
14.0,20,68.150248
14.0,23,68.173252
8.0,11,68.185261
12.0,15,68.201802
12.0,19,68.220809
14.0,20,68.24181
12.0,23,68.26678
3.0,5,68.27278
14.0,22,68.296311
14.0,22,68.319342
14.0,27,68.347337
7.0,12,68.360338
7.0,12,68.372337
12.0,21,68.394947
12.0,16,68.411917
14.0,21,68.433917
12.0,22,68.458917
12.0,26,68.486924
14.0,25,68.521436
14.0,23,68.547438
3.0,9,68.559436
14.0,24,68.588176
12.0,24,68.614692
3.0,8,68.623692
6.0,7,68.631692
12.0,15,68.64869
12.0,30,68.681697
14.0,28,68.712205
12.0,21,68.735204
7.0,13,68.750205
7.0,10,68.761206
14.0,30,68.793744
14.0,17,68.813767
9.0,11,68.826744
12.0,22,68.853724
12.0,20,68.874264
14.0,35,68.911754
14.0,27,68.940783
14.0,21,68.961782
7.0,11,68.973788
14.0,24,68.998391
3.0,4,69.00339
12.0,17,69.021391
14.0,19,69.04139
14.0,22,69.065363
3.0,5,69.071363
14.0,19,69.091936
14.0,18,69.110973
15.0,25,69.136943
14.0,24,69.161973
7.0,11,69.173974
8.0,13,69.18801
7.0,10,69.198581
14.0,22,69.221582
12.0,16,69.23859
14.0,21,69.259582
7.0,10,69.270585
12.0,20,69.291591
3.0,7,69.299158
7.0,8,69.308162
3.0,7,69.315166
7.0,14,69.330163
12.0,17,69.348167
3.0,9,69.358163
14.0,18,69.378577
7.0,12,69.39158
14.0,22,69.414152
14.0,22,69.437155
14.0,17,69.454158
7.0,8,69.463155
3.0,4,69.468155
7.0,10,69.478196
12.0,24,69.502764
14.0,20,69.523769
14.0,28,69.552768
15.0,21,69.573765
3.0,6,69.580776
14.0,18,69.599345
3.0,6,69.605347
12.0,20,69.625345
7.0,9,69.636319
14.0,17,69.654345
1.0,3,69.657345
14.0,16,69.674345
12.0,22,69.69787
14.0,28,69.726868
14.0,18,69.745868
7.0,10,69.757868
12.0,24,69.782874
14.0,20,69.804387
3.0,8,69.814386
3.0,4,69.818387
14.0,18,71.060314
12.0,25,71.087319
14.0,19,71.115837
3.0,4,71.122834
7.0,17,71.151837
12.0,20,71.181841
14.0,22,71.211355
14.0,18,71.236351
3.0,5,71.243351
14.0,31,71.276355
7.0,9,71.286355
14.0,22,71.308868
14.0,19,71.328892
12.0,23,71.352893
14.0,24,71.377938
12.0,16,71.394506
14.0,29,71.424507
7.0,9,71.434477
3.0,7,71.441477
12.0,22,71.464476
8.0,11,71.47651
12.0,16,71.493991
3.0,6,71.500993
14.0,24,71.525022
12.0,16,71.542024
12.0,21,71.564023
14.0,21,71.585025
14.0,23,71.6096
14.0,20,71.630571
3.0,6,71.636571
14.0,23,71.660605
14.0,26,71.687613
14.0,29,71.718209
12.0,16,71.735209
14.0,20,71.75718
12.0,20,71.778217
3.0,7,71.787186
12.0,17,71.804699
7.0,12,71.817699
12.0,22,71.840702
15.0,24,71.865702
7.0,9,71.875699
14.0,24,71.900309
7.0,8,71.909309
14.0,19,71.929311
14.0,24,71.955277
7.0,12,71.967277
7.0,12,71.980283
3.0,7,71.988316
7.0,9,71.997887
3.0,9,72.007856
14.0,31,72.039886
8.0,14,72.054888
12.0,15,72.070855
14.0,16,72.087862
14.0,24,72.113385
14.0,20,72.134385
12.0,19,72.154407
14.0,20,72.176412
14.0,27,72.204998
7.0,10,72.215025
7.0,9,72.225027
12.0,18,72.244029
3.0,6,72.251026
12.0,18,72.270026
7.0,9,72.280056
14.0,18,72.298632
14.0,34,72.33463
14.0,30,72.367599
12.0,24,72.39314
7.0,10,72.404144
3.0,5,72.410171
12.0,19,72.430173
13.0,16,72.447147
6.0,9,72.457177
12.0,18,72.476177
3.0,7,72.484208
7.0,10,72.494781
14.0,23,72.519784
3.0,6,72.526781
14.0,18,72.545782
14.0,19,72.565782
12.0,15,72.582787
14.0,25,72.610332
7.0,9,72.620332
7.0,10,72.631332
14.0,30,72.663133
12.0,16,72.680142
8.0,13,72.69365
14.0,26,72.721688
12.0,17,72.739691
12.0,21,72.761689
12.0,24,72.786663
14.0,29,72.81703
14.0,19,72.837034
3.0,10,72.848032
14.0,21,72.870034
7.0,10,72.881067
14.0,21,72.903123
14.0,24,72.928134
3.0,5,72.934133
14.0,22,72.957129
3.0,5,72.963164
7.0,9,72.97316
12.0,21,72.995768
7.0,9,73.005767
3.0,4,73.009769
14.0,17,73.028762
12.0,19,73.048766
14.0,24,73.073768
14.0,27,73.101377
12.0,16,73.118377
14.0,31,73.151379
14.0,19,73.172347
12.0,18,73.192352
3.0,8,73.201895
7.0,9,73.212895
8.0,16,73.232897
12.0,20,73.256899
14.0,27,73.288855
12.0,16,74.494755
14.0,17,74.514758
12.0,16,74.53476
14.0,21,74.560762
14.0,16,74.577759
14.0,22,74.601277
3.0,5,74.606275
14.0,18,74.625277
14.0,26,74.656275
14.0,30,74.689312
14.0,27,74.717426
14.0,24,74.742426
14.0,18,74.761426
7.0,15,74.777427
14.0,28,74.806035
14.0,25,74.832001
12.0,15,74.848003
12.0,23,74.872004
14.0,20,74.893005
3.0,4,74.897515
12.0,15,74.913546
7.0,14,74.928544
14.0,20,74.949544
14.0,24,74.974517
14.0,25,75.000046
12.0,19,75.019047
14.0,24,75.044412
14.0,23,75.068431
14.0,24,75.092439
14.0,22,75.115959
15.0,20,75.138957
12.0,14,75.15496
7.0,9,75.164959
14.0,21,75.187968
14.0,23,75.211487
3.0,4,75.216488
14.0,29,75.246487
14.0,19,75.266484
7.0,12,75.278484
8.0,10,75.28949
14.0,26,75.316001
14.0,18,75.335005
3.0,14,75.351006
9.0,12,75.364004
7.0,10,75.374004
14.0,22,75.397337
7.0,10,75.408337
14.0,19,75.428337
7.0,12,75.441337
7.0,9,75.450337
14.0,34,75.485337
12.0,24,75.50885
14.0,18,75.527854
13.0,18,75.54585
1.0,2,75.54885
14.0,28,75.57685
14.0,22,75.600367
14.0,16,75.61637
7.0,14,75.63037
12.0,20,75.65137
8.0,13,75.66537
14.0,29,75.694886
14.0,22,75.717896
14.0,16,75.734896
14.0,23,75.758897
8.0,10,75.769897
14.0,24,75.795417
14.0,24,75.820428
14.0,24,75.845427
7.0,10,75.856427
14.0,22,75.879427
12.0,19,75.899006
14.0,22,75.922029
14.0,21,75.944034
14.0,29,75.973035
14.0,21,75.99507
14.0,20,76.015644
12.0,20,76.035649
12.0,18,76.054644
7.0,13,76.068644
14.0,24,76.092682
14.0,18,76.111248
14.0,19,76.13125
12.0,23,76.155252
12.0,25,76.180253
9.0,10,76.190288
14.0,23,76.214797
3.0,5,76.220797
12.0,15,76.236792
12.0,18,76.254798
12.0,20,76.275797
14.0,39,76.315341
14.0,30,76.346344
14.0,27,76.37431
14.0,16,76.391377
3.0,8,76.39995
14.0,24,76.424945
12.0,15,76.440946
7.0,15,76.45594
7.0,11,76.467916
14.0,28,76.497437
14.0,23,76.521433
12.0,16,76.53846
14.0,20,76.563468
14.0,25,76.59092
12.0,17,76.608521
12.0,28,76.637522
12.0,16,77.893779
14.0,26,77.924799
14.0,22,77.951797
14.0,16,77.968797
14.0,19,77.988803
7.0,13,78.003313
14.0,20,78.025311
14.0,28,78.055311
12.0,15,78.073309
12.0,20,78.094316
14.0,22,78.117984
12.0,18,78.136981
9.0,12,78.149981
14.0,20,78.170982
7.0,10,78.182018
14.0,22,78.205525
7.0,10,78.216529
7.0,11,78.228496
3.0,4,78.232525
14.0,24,78.257524
3.0,4,78.262527
7.0,9,78.272525
14.0,19,78.292526
14.0,19,78.312037
3.0,7,78.319037
12.0,15,78.33604
12.0,16,78.35404
9.0,10,78.36504
14.0,18,78.385051
14.0,26,78.411572
14.0,24,78.436572
14.0,20,78.457599
7.0,11,78.46857
15.0,24,78.493636
12.0,19,78.513204
3.0,4,78.518207
3.0,4,78.522207
9.0,11,78.534207
12.0,22,78.556209
14.0,20,78.576202
14.0,21,78.59782
13.0,21,78.618816
14.0,23,78.642791
7.0,10,78.654827
14.0,18,78.67379
14.0,21,78.696302
14.0,17,78.714335
12.0,18,78.734339
14.0,17,78.752339
14.0,20,78.774339
14.0,20,78.795342
12.0,19,78.815881
7.0,12,78.827886
12.0,23,78.851854
14.0,22,78.875885
14.0,21,78.898465
12.0,22,78.921497
8.0,11,78.933491
3.0,5,78.939496
14.0,26,78.966494
14.0,20,78.988472
14.0,26,79.015076
14.0,22,79.038076
14.0,17,79.056049
14.0,20,79.077049
7.0,10,79.088058
14.0,26,79.114576
12.0,20,79.135576
8.0,18,79.154576
12.0,17,79.171576
14.0,21,79.194612
14.0,23,79.22012
7.0,12,79.234125
15.0,20,79.255121
12.0,15,79.271121
7.0,10,79.282154
3.0,8,79.290154
14.0,22,79.313726
12.0,19,79.334722
11.0,19,79.354726
12.0,17,79.372723
7.0,10,79.38276
14.0,22,79.405334
13.0,20,79.426339
12.0,17,79.444339
7.0,9,79.454334
14.0,27,79.482161
7.0,9,79.492163
7.0,9,79.501731
14.0,20,79.522731
12.0,20,79.543729
14.0,21,79.565732
8.0,14,79.580734
12.0,20,79.601341
12.0,24,79.626344
12.0,17,79.64434
14.0,22,79.667337
7.0,12,79.68034
14.0,19,79.699859
7.0,11,79.711859
12.0,18,79.730859
7.0,8,79.739859
14.0,28,79.768946
12.0,15,79.784986
12.0,16,79.801565
3.0,8,79.810569
14.0,29,79.839563
7.0,8,79.848532
14.0,19,79.868533
12.0,16,79.884595
12.0,18,79.903171
7.0,10,79.91417
14.0,25,79.939171
14.0,17,79.956677
15.0,33,79.990713
11.0,21,80.012264
14.0,25,80.037262
12.0,25,81.244606
14.0,19,81.266572
16.0,43,81.313118
12.0,16,81.333117
3.0,8,81.344091
3.0,8,81.353118
7.0,9,81.366115
14.0,16,81.387155
12.0,18,81.409675
12.0,17,81.428677
14.0,20,81.449707
14.0,18,81.46868
14.0,28,81.498278
13.0,22,81.521315
14.0,23,81.545316
15.0,21,81.567311
14.0,26,81.596293
14.0,22,81.619812
7.0,16,81.636842
12.0,21,81.658814
7.0,12,81.671836
14.0,23,81.696846
14.0,18,81.715407
12.0,23,81.739412
12.0,32,81.772413
14.0,25,81.798428
14.0,28,81.827591
12.0,16,81.844595
14.0,19,81.864595
14.0,27,81.892601
15.0,25,81.918019
12.0,18,81.937992
10.0,11,81.949992
14.0,25,81.977019
7.0,9,81.987054
14.0,27,82.014616
14.0,22,82.038621
14.0,22,82.061618
14.0,37,82.098653
12.0,17,82.118134
14.0,23,82.145159
14.0,21,82.168162
8.0,9,82.178157
14.0,23,82.202771
14.0,19,82.222605
7.0,14,82.237605
14.0,24,82.2626
14.0,26,82.289612
14.0,35,82.325811
12.0,16,82.342841
14.0,22,82.36684
14.0,20,82.387872
14.0,20,82.40843
14.0,20,82.429437
14.0,22,82.45243
14.0,22,82.475431
7.0,14,82.489465
14.0,31,82.521005
12.0,19,82.541006
7.0,8,82.550001
7.0,9,82.560005
14.0,23,82.584005
14.0,21,82.60657
3.0,4,82.611571
8.0,12,82.624574
10.0,13,82.638571
14.0,24,82.66558
12.0,22,82.688571
14.0,21,82.710127
7.0,9,82.720121
12.0,25,82.746127
14.0,22,82.769091
14.0,23,82.794127
14.0,30,82.824704
12.0,18,82.843705
15.0,23,82.868675
14.0,22,82.892741
12.0,18,82.912256
14.0,18,82.930803
14.0,19,82.951805
12.0,20,82.971805
14.0,23,82.995839
14.0,19,83.015419
3.0,5,83.021419
14.0,19,83.040419
14.0,22,83.063419
14.0,19,83.08342
14.0,18,83.102032
14.0,23,83.125026
12.0,16,83.142025
14.0,21,83.164031
12.0,36,83.200592
3.0,5,83.206624
12.0,15,83.223591
7.0,10,83.234589
14.0,21,83.257622
12.0,18,83.276616
14.0,23,83.300759
7.0,10,83.311786
12.0,22,83.334787
14.0,30,83.364793
14.0,24,83.389817
14.0,24,83.414399
14.0,18,84.606677
12.0,21,84.630674
8.0,14,84.646673
14.0,27,84.680674
14.0,18,84.703193
14.0,20,84.727194
14.0,24,84.759192
14.0,21,84.784195
14.0,22,84.809712
14.0,19,84.831711
14.0,21,84.853739
7.0,10,84.86474
8.0,9,84.874744
14.0,24,84.899754
12.0,16,84.916896
14.0,24,84.942708
14.0,20,84.964707
14.0,20,84.985732
8.0,11,84.997736
7.0,8,85.007254
14.0,20,85.028253
14.0,21,85.051257
14.0,22,85.075253
14.0,18,85.094255
14.0,26,85.121825
12.0,16,85.138824
14.0,21,85.161796
14.0,21,85.183794
14.0,18,85.204095
3.0,6,85.211099
14.0,22,85.235124
14.0,22,85.258126
14.0,20,85.279127
14.0,19,85.299165
12.0,16,85.316739
12.0,14,85.331739
14.0,17,85.349709
14.0,24,85.374735
14.0,27,85.403274
12.0,14,85.418276
12.0,17,85.436275
7.0,10,85.447276
9.0,12,85.460276
14.0,21,85.482247
14.0,23,85.505858
14.0,21,85.52786
12.0,19,85.547827
12.0,20,85.568857
14.0,22,85.592834
14.0,26,85.620345
14.0,20,85.642344
12.0,22,85.665345
3.0,5,85.671343
14.0,20,85.691351
14.0,31,85.72386
14.0,20,85.74486
8.0,12,85.757862
14.0,25,85.783859
14.0,20,85.805377
12.0,19,85.825379
14.0,21,85.847378
14.0,23,85.870381
14.0,29,85.900951
7.0,11,85.912987
14.0,21,85.933957
14.0,22,85.956988
8.0,10,85.967982
14.0,22,85.991019
12.0,18,86.010506
14.0,19,86.030535
14.0,22,86.053535
12.0,16,86.070538
7.0,12,86.083536
14.0,20,86.104126
12.0,18,86.123125
7.0,10,86.134124
12.0,16,86.152095
14.0,22,86.175124
12.0,16,86.192157
14.0,19,86.211678
6.0,9,86.221679
14.0,20,86.242674
14.0,23,86.266676
14.0,22,86.28871
14.0,17,86.309113
12.0,20,86.331085
14.0,22,86.354112
3.0,8,86.363113
7.0,10,86.378108
12.0,15,86.396089
12.0,15,86.411608
14.0,18,86.431607
7.0,10,86.442605
14.0,18,86.462606
12.0,15,86.478604
14.0,27,86.510137
12.0,21,86.534134
3.0,5,86.540135
14.0,17,86.559134
11.0,29,86.590141
8.0,13,86.604668
7.0,9,86.614666
15.0,23,86.639667
14.0,20,86.661667
12.0,15,86.677665
14.0,19,86.698716
14.0,23,86.723259
14.0,20,86.744253
14.0,21,86.766259
7.0,10,86.777255
14.0,20,86.799263
14.0,18,87.98625
12.0,18,88.011365
3.0,4,88.018364
12.0,17,88.043369
3.0,13,88.063367
14.0,26,88.095378
3.0,6,88.102874
7.0,9,88.112878
15.0,35,88.162883
14.0,20,88.190893
12.0,17,88.210413
14.0,17,88.228409
12.0,17,88.247409
14.0,17,88.266409
12.0,17,88.285435
14.0,19,88.306032
14.0,21,88.32803
14.0,22,88.35203
14.0,21,88.373038
7.0,9,88.383039
7.0,16,88.400049
14.0,18,88.418615
12.0,17,88.436641
14.0,21,88.457645
14.0,24,88.482645
12.0,17,88.499684
14.0,19,88.518258
2.0,4,88.523258
14.0,16,88.54023
14.0,22,88.562258
12.0,24,88.586257
14.0,23,88.608863
10.0,13,88.622867
14.0,24,88.646865
14.0,21,88.668865
14.0,18,88.687838
3.0,5,88.693847
14.0,17,88.711239
14.0,23,88.735239
12.0,16,88.752239
14.0,18,88.771239
14.0,22,88.794248
12.0,17,88.81276
14.0,16,88.829758
7.0,9,88.839758
7.0,12,88.852758
14.0,22,88.875758
3.0,9,88.885787
12.0,15,88.901822
14.0,25,88.927397
15.0,22,88.950367
14.0,20,88.971399
12.0,16,88.987403
14.0,22,89.010931
14.0,23,89.036757
7.0,8,89.045758
14.0,18,89.064758
14.0,25,89.090764
14.0,19,89.111276
14.0,29,89.141276
14.0,20,89.162277
3.0,7,89.170276
12.0,17,89.188276
12.0,16,89.204794
14.0,16,89.222794
13.0,20,89.242794
12.0,14,89.257795
8.0,16,89.274794
14.0,22,89.2978
14.0,18,89.317313
16.0,25,89.343329
14.0,21,89.367316
14.0,18,89.386316
14.0,20,89.407847
14.0,19,89.427847
14.0,19,89.448847
7.0,10,89.458847
12.0,21,89.480847
14.0,21,89.503364
12.0,23,89.527374
7.0,9,89.537374
14.0,24,89.562374
14.0,26,89.589383
7.0,9,89.599383
3.0,7,89.607904
14.0,31,89.639904
12.0,16,89.656904
14.0,29,89.687903
12.0,20,89.708431
14.0,23,89.732458
14.0,17,89.750426
7.0,9,89.760427
14.0,23,89.784456
3.0,9,89.793494
14.0,19,89.813071
14.0,22,89.836073
14.0,22,89.859072
14.0,22,89.881075
14.0,21,89.902105
14.0,19,89.922678
14.0,24,89.946675
14.0,19,89.966678
14.0,20,89.986678
14.0,20,90.007287
8.0,14,90.021283
14.0,20,90.04229
14.0,18,90.061289
14.0,16,90.077289
14.0,17,90.094319
8.0,13,90.107899
14.0,24,90.132895
14.0,21,90.153897
12.0,19,90.172894
7.0,10,90.183896
12.0,18,91.360785
9.0,30,91.391787
14.0,17,91.410293
14.0,19,91.430293
14.0,17,91.448293
14.0,28,91.483295
14.0,21,91.508811
14.0,21,91.531811
12.0,19,91.553811
14.0,21,91.575815
14.0,19,91.595824
14.0,28,91.625339
14.0,19,91.645343
12.0,22,91.669343
14.0,20,91.690351
14.0,19,91.710873
14.0,20,91.731873
12.0,15,91.747648
14.0,24,91.773648
12.0,15,91.789657
14.0,20,91.810178
14.0,18,91.830175
7.0,10,91.841175
14.0,22,91.865174
14.0,23,91.889202
14.0,21,91.909814
14.0,38,91.948786
14.0,22,91.971786
12.0,24,91.997795
14.0,21,92.020304
14.0,20,92.041304
14.0,25,92.067304
14.0,16,92.084304
7.0,9,92.09431
14.0,21,92.116821
14.0,23,92.140825
12.0,15,92.156824
14.0,21,92.179824
14.0,27,92.208354
12.0,16,92.225354
14.0,18,92.244354
14.0,32,92.277384
14.0,28,92.305991
14.0,26,92.331991
12.0,22,92.354991
14.0,23,92.379986
14.0,19,92.399026
9.0,17,92.416609
14.0,16,92.432608
12.0,15,92.448601
12.0,17,92.465607
14.0,19,92.48561
14.0,24,92.510223
12.0,18,92.528223
12.0,16,92.545223
14.0,21,92.566222
14.0,20,92.587229
12.0,20,92.606833
14.0,24,92.630836
14.0,20,92.651833
14.0,23,92.674836
14.0,26,92.70087
12.0,18,92.719438
14.0,24,92.744443
14.0,21,92.765443
12.0,17,92.78345
14.0,22,92.806012
14.0,17,92.823043
12.0,20,92.844049
14.0,18,92.863049
15.0,36,92.89809
14.0,19,92.917656
14.0,21,92.939659
12.0,14,92.954511
14.0,23,92.977511
14.0,20,92.999516
12.0,14,93.014059
14.0,18,93.032059
14.0,31,93.064058
3.0,8,93.072058
14.0,23,93.095092
14.0,18,93.11367
14.0,19,93.13267
14.0,22,93.15567
14.0,20,93.17567
14.0,18,93.193711
14.0,20,93.21529
14.0,22,93.237288
14.0,21,93.259258
12.0,17,93.277258
14.0,21,93.300264
14.0,16,93.316776
14.0,19,93.33778
14.0,19,93.35778
7.0,13,93.37178
14.0,23,93.396819
14.0,23,93.42039
8.0,10,93.43136
7.0,22,93.454394
14.0,20,93.474391
14.0,18,94.689017
7.0,8,94.700022
12.0,18,94.720534
14.0,19,94.742537
12.0,20,94.764534
7.0,8,94.774531
14.0,24,94.799537
14.0,20,94.821049
12.0,15,94.838047
12.0,16,94.862048
12.0,15,94.88305
14.0,20,94.907563
3.0,7,94.914563
14.0,21,94.936564
14.0,17,94.956565
14.0,21,94.979563
14.0,18,94.998599
8.0,13,95.012159
12.0,28,95.041955
14.0,18,95.060947
14.0,24,95.084948
12.0,19,95.104982
14.0,22,95.127559
14.0,19,95.147547
14.0,18,95.166554
14.0,17,95.183552
14.0,23,95.207161
14.0,20,95.22816
14.0,31,95.25916
14.0,22,95.281146
14.0,16,95.299199
14.0,20,95.319772
14.0,18,95.338772
14.0,25,95.365772
12.0,21,95.39074
14.0,19,95.413268
14.0,21,95.437267
14.0,23,95.461266
7.0,10,95.473267
12.0,16,95.490266
14.0,18,95.509797
14.0,20,95.530797
8.0,12,95.544797
12.0,18,95.563827
12.0,15,95.579824
7.0,9,95.588819
14.0,20,95.610432
14.0,17,95.627432
14.0,18,95.646429
9.0,12,95.659432
12.0,16,95.676431
14.0,24,95.700468
3.0,4,95.705467
14.0,20,95.726045
14.0,17,95.743047
14.0,23,95.767049
12.0,18,95.786048
12.0,14,95.80108
14.0,17,95.818649
14.0,17,95.836453
14.0,15,95.85146
7.0,12,95.864456
7.0,9,95.874454
14.0,22,95.898436
14.0,19,95.917954
14.0,17,95.936954
14.0,18,95.955954
14.0,21,95.977954
14.0,18,95.996964
7.0,10,96.008473
3.0,5,96.014473
14.0,23,96.038473
14.0,26,96.065473
7.0,12,96.078473
14.0,22,96.102479
14.0,20,96.122991
14.0,20,96.144991
7.0,9,96.15499
8.0,14,96.16999
14.0,18,96.188991
14.0,20,96.210509
14.0,19,96.230509
14.0,17,96.248509
14.0,20,96.269509
14.0,21,96.291512
12.0,14,96.30708
14.0,18,96.326122
3.0,5,96.332111
14.0,20,96.353087
14.0,24,96.378087
9.0,11,96.390087
12.0,16,96.407604
12.0,18,96.426611
14.0,17,96.444611
14.0,15,96.46061
7.0,10,96.471611
12.0,18,96.490611
12.0,15,96.507122
12.0,22,96.531132
14.0,24,96.556132
14.0,25,96.582132
12.0,17,96.600142
14.0,16,96.616739
14.0,19,96.636744
14.0,19,96.655744
14.0,21,96.677744
14.0,18,96.696733
12.0,16,96.714252
14.0,20,96.735251
14.0,23,96.759252
3.0,5,96.765252
14.0,19,96.785252
3.0,5,96.791252
7.0,12,96.805257
9.0,10,96.81577
13.0,19,96.83577
14.0,15,96.85177
14.0,25,96.878773
14.0,19,98.037795
3.0,5,98.045794
12.0,16,98.066794
14.0,21,98.091798
12.0,14,98.109307
14.0,17,98.131312
14.0,19,98.151312
14.0,21,98.173312
14.0,17,98.195316
12.0,15,98.21182
14.0,23,98.238855
12.0,16,98.254852
12.0,20,98.275853
7.0,11,98.286853
12.0,16,98.303892
6.0,9,98.313466
12.0,16,98.330466
12.0,17,98.347466
12.0,16,98.364469
14.0,21,98.386467
12.0,16,98.403442
14.0,19,98.42298
7.0,10,98.433985
14.0,20,98.453983
3.0,5,98.459985
14.0,22,98.482991
14.0,17,98.501017
12.0,17,98.517589
12.0,16,98.534596
12.0,16,98.551594
14.0,16,98.567594
12.0,18,98.586969
14.0,20,98.607005
12.0,21,98.62858
12.0,15,98.64458
3.0,4,98.649575
7.0,13,98.66358
14.0,21,98.68458
14.0,21,98.706585
14.0,18,98.725157
12.0,14,98.740159
14.0,23,98.764127
14.0,20,98.785131
14.0,17,98.80314
14.0,18,98.822661
14.0,20,98.843688
12.0,18,98.862686
7.0,8,98.871691
7.0,10,98.882659
14.0,17,98.900693
14.0,22,98.923275
14.0,18,98.941844
3.0,9,98.951841
12.0,16,98.968843
14.0,26,98.995851
12.0,17,99.013427
14.0,20,99.034434
14.0,20,99.05543
12.0,15,99.07143
14.0,24,99.096463
14.0,20,99.117041
12.0,15,99.133041
12.0,16,99.150041
14.0,21,99.172041
14.0,21,99.194071
14.0,19,99.21365
12.0,15,99.229649
14.0,17,99.24765
14.0,19,99.267649
14.0,23,99.291649
12.0,15,99.307688
12.0,18,99.327257
14.0,24,99.353257
7.0,9,99.363258
14.0,22,99.385257
14.0,18,99.404265
7.0,19,99.423828
12.0,16,99.440829
14.0,20,99.460823
12.0,19,99.479829
8.0,10,99.490828
14.0,23,99.514439
14.0,21,99.535439
14.0,19,99.555438
14.0,17,99.572409
14.0,23,99.596477
3.0,5,99.602454
14.0,18,99.621047
14.0,21,99.643016
12.0,20,99.664047
14.0,19,99.683049
14.0,19,99.703085
14.0,20,99.72365
12.0,15,99.739655
14.0,18,99.758655
14.0,22,99.780659
12.0,17,99.798696
14.0,26,99.825268
14.0,26,99.852268
14.0,18,99.870271
12.0,17,99.888266
14.0,20,99.909304
14.0,20,99.930606
3.0,6,99.937601
14.0,19,99.957576
14.0,24,99.982578
14.0,19,100.002615
3.0,6,100.009642
14.0,22,100.032217
14.0,21,100.055216
14.0,22,100.078218
14.0,78,100.156833
14.0,16,100.173838
14.0,22,101.318832
14.0,23,101.348835
12.0,25,101.382835
12.0,15,101.40584
14.0,20,101.442351
14.0,20,101.473352
14.0,18,101.500354
12.0,18,101.522865
14.0,19,101.544862
14.0,21,101.566862
14.0,20,101.587861
14.0,20,101.608917
7.0,11,101.62148
14.0,17,101.639479
14.0,18,101.659486
12.0,18,101.678456
14.0,18,101.699466
9.0,12,101.716977
14.0,22,101.746978
14.0,23,101.776978
14.0,21,101.803982
14.0,19,101.827503
14.0,26,101.854503
14.0,18,101.873507
14.0,26,101.90157
14.0,20,101.922146
14.0,20,101.944144
12.0,16,101.961142
14.0,26,101.987145
7.0,9,101.997151
14.0,19,102.019721
14.0,28,102.047723
14.0,26,102.074728
14.0,22,102.097755
14.0,19,102.117334
14.0,21,102.138329
14.0,22,102.161331
14.0,21,102.183304
14.0,21,102.205375
12.0,25,102.230946
14.0,25,102.256916
7.0,9,102.266953
14.0,17,102.283942
14.0,17,102.301983
14.0,21,102.323557
14.0,24,102.348555
7.0,10,102.359562
14.0,22,102.382553
14.0,18,102.401594
14.0,22,102.425167
14.0,22,102.448166
14.0,17,102.466166
14.0,18,102.485167
14.0,20,102.506205
14.0,22,102.529775
14.0,16,102.546775
14.0,21,102.569776
14.0,19,102.589776
7.0,12,102.60181
14.0,19,102.622388
14.0,18,102.641387
14.0,20,102.662161
12.0,19,102.682151
14.0,23,102.706181
14.0,20,102.726757
14.0,20,102.746752
14.0,20,102.767754
14.0,19,102.787752
14.0,18,102.806783
14.0,19,102.826355
14.0,21,102.848354
14.0,19,102.868327
12.0,15,102.885327
14.0,19,102.905336
12.0,20,102.925852
14.0,21,102.95088
14.0,19,102.970882
14.0,16,102.987434
12.0,16,103.004468
14.0,18,103.024043
14.0,19,103.044039
14.0,17,103.062038
14.0,21,103.083023
7.0,13,103.097044
14.0,20,103.117653
8.0,11,103.129651
14.0,17,103.147656
12.0,26,103.173653
14.0,21,103.195661
14.0,20,103.216249
14.0,23,103.240223
14.0,27,103.26922
14.0,18,103.28822
14.0,19,103.308227
14.0,23,103.332776
14.0,17,103.350776
12.0,16,103.367745
14.0,27,103.39678
14.0,21,103.418393
14.0,18,103.438741
14.0,22,103.462746
7.0,9,103.47275
14.0,19,103.492778
14.0,18,103.512342
14.0,19,103.53235
14.0,18,103.551348
12.0,18,104.824767
14.0,19,104.844794
14.0,21,104.867769
14.0,21,104.904783
14.0,19,104.932292
14.0,21,104.961294
14.0,23,104.992292
14.0,19,105.015816
3.0,5,105.021816
14.0,21,105.044815
14.0,17,105.063818
14.0,26,105.092819
12.0,17,105.111851
14.0,24,105.13937
12.0,23,105.164371
14.0,20,105.18537
14.0,18,105.205379
3.0,8,105.213891
14.0,21,105.235897
12.0,20,105.256897
12.0,15,105.272897
14.0,20,105.29393
14.0,21,105.316503
7.0,10,105.327508
14.0,23,105.351472
14.0,20,105.373252
3.0,4,105.378293
14.0,17,105.396294
14.0,26,105.423407
12.0,15,105.438409
12.0,16,105.455407
12.0,18,105.474411
14.0,17,105.492405
14.0,17,105.509439
14.0,23,105.533563
12.0,14,105.54859
14.0,18,105.56659
14.0,17,105.583563
3.0,8,105.592587
14.0,23,105.615165
14.0,93,105.707195
3.0,7,105.715744
12.0,17,105.733723
14.0,24,105.758744
14.0,20,105.778741
14.0,19,105.798739
14.0,25,105.82432
14.0,17,105.84132
14.0,17,105.860317
12.0,14,105.874291
14.0,18,105.893322
14.0,19,105.912357
14.0,19,105.931901
14.0,19,105.952895
14.0,25,105.9789
14.0,21,106.000939
14.0,19,106.020035
7.0,9,106.030035
14.0,19,106.050036
14.0,22,106.072032
14.0,22,106.095039
12.0,14,106.109066
13.0,26,106.135616
14.0,40,106.175615
14.0,22,106.198615
14.0,18,106.217197
14.0,16,106.234198
8.0,11,106.245197
7.0,13,106.259197
14.0,16,106.276197
14.0,15,106.292197
12.0,20,106.312236
12.0,16,106.329328
14.0,17,106.346328
14.0,18,106.365328
14.0,18,106.383329
14.0,23,106.406361
7.0,11,106.417936
12.0,17,106.435938
14.0,18,106.453909
14.0,17,106.470938
14.0,19,106.490939
13.0,24,106.515549
14.0,23,106.539523
7.0,12,106.555522
7.0,9,106.56652
14.0,18,106.587553
14.0,19,106.610527
14.0,21,106.635641
12.0,20,106.657642
14.0,22,106.680674
14.0,24,106.705706
12.0,20,106.726283
12.0,17,106.744031
14.0,19,106.764039
14.0,16,106.781065
14.0,22,106.804077
14.0,19,106.824682
14.0,19,106.844649
14.0,18,106.864648
3.0,8,106.872648
14.0,16,106.889648
12.0,15,106.905654
14.0,20,106.927166
14.0,47,106.974166
12.0,22,106.998166
14.0,19,108.162016
6.0,10,108.175015
14.0,19,108.195019
14.0,19,108.215528
7.0,9,108.225534
14.0,20,108.247532
12.0,57,108.305536
14.0,34,108.342046
14.0,20,108.364049
12.0,20,108.385049
7.0,10,108.396048
12.0,19,108.415559
8.0,13,108.429565
8.0,12,108.442566
14.0,21,108.464566
14.0,20,108.485564
14.0,19,108.506567
14.0,19,108.526109
12.0,18,108.545104
14.0,21,108.567109
14.0,19,108.587104
14.0,24,108.612114
14.0,18,108.63169
14.0,19,108.651686
14.0,26,108.678681
14.0,18,108.697686
3.0,7,108.705723
12.0,18,108.724263
12.0,16,108.741288
14.0,23,108.765293
14.0,21,108.787298
14.0,18,108.806328
14.0,24,108.831898
12.0,16,108.8489
14.0,19,108.868899
12.0,16,108.885896
7.0,9,108.895868
14.0,19,108.913874
14.0,29,108.94439
14.0,21,108.965386
7.0,11,108.977386
14.0,22,109.000386
6.0,10,109.011392
14.0,20,109.032899
12.0,18,109.050899
14.0,23,109.074933
14.0,19,109.094931
12.0,14,109.109962
14.0,20,109.131533
8.0,11,109.142535
14.0,18,109.162534
14.0,20,109.182535
12.0,18,109.202541
14.0,23,109.226121
14.0,20,109.247112
14.0,19,109.266115
3.0,7,109.274115
14.0,21,109.296085
14.0,21,109.317603
12.0,17,109.335603
14.0,21,109.357603
14.0,18,109.376603
14.0,17,109.393603
12.0,17,109.410607
14.0,20,109.431117
14.0,20,109.452117
14.0,28,109.48092
14.0,18,109.49992
14.0,18,109.518436
14.0,19,109.538466
14.0,20,109.558461
14.0,22,109.58147
12.0,18,109.599466
14.0,18,109.618074
14.0,22,109.640077
14.0,42,109.682075
14.0,22,109.704109
7.0,9,109.714109
3.0,4,109.718679
12.0,19,109.738679
14.0,21,109.76068
14.0,24,109.78568
14.0,17,109.80272
14.0,21,109.825266
14.0,17,109.843295
14.0,20,109.863295
14.0,18,109.882293
14.0,27,109.90933
14.0,19,109.9289
7.0,13,109.941908
14.0,23,109.965903
14.0,19,109.984907
14.0,20,110.005943
14.0,27,110.033521
12.0,20,110.053524
14.0,19,110.073521
12.0,16,110.089523
14.0,25,110.114549
14.0,41,110.156095
8.0,11,110.168127
14.0,22,110.190096
14.0,27,110.218678
12.0,17,110.235675
12.0,16,110.252676
12.0,18,110.271676
7.0,11,110.282678
14.0,22,111.469563
3.0,9,111.479563
12.0,16,111.496565
12.0,14,111.515567
14.0,22,111.542075
8.0,11,111.554073
8.0,14,111.569073
6.0,7,111.577074
14.0,20,111.599076
1.0,5,111.604079
14.0,20,111.625583
14.0,23,111.651582
14.0,18,111.672584
14.0,21,111.695585
14.0,21,111.717151
14.0,16,111.735157
14.0,23,111.761606
8.0,13,111.776575
14.0,20,111.797575
8.0,15,111.813582
8.0,11,111.826187
14.0,17,111.844184
8.0,10,111.855177
12.0,19,111.875188
14.0,20,111.895192
14.0,27,111.922803
12.0,18,111.941803
14.0,22,111.964774
12.0,17,111.981804
7.0,13,111.999774
14.0,18,112.020286
14.0,19,112.040318
14.0,18,112.059316
12.0,17,112.077317
14.0,19,112.097312
14.0,20,112.117893
14.0,18,112.136927
14.0,20,112.15793
14.0,17,112.175931
14.0,18,112.195695
12.0,18,112.214753
12.0,14,112.229303
7.0,10,112.2403
14.0,19,112.260295
14.0,23,112.284298
14.0,16,112.301301
14.0,18,112.319885
14.0,17,112.337884
3.0,8,112.346885
12.0,15,112.362888
14.0,20,112.383888
7.0,9,112.393888
14.0,17,112.410896
7.0,12,112.424415
14.0,24,112.448415
14.0,20,112.470415
14.0,17,112.487415
14.0,27,112.515423
12.0,18,112.533944
8.0,11,112.544943
14.0,17,112.562943
14.0,18,112.581944
14.0,19,112.600943
14.0,35,112.63647
14.0,23,112.659497
14.0,21,112.680499
7.0,12,112.693497
14.0,20,112.714473
7.0,10,112.724993
14.0,18,112.743987
12.0,15,112.759988
8.0,13,112.773984
14.0,22,112.796984
14.0,22,112.819501
14.0,20,112.840962
14.0,18,112.859963
12.0,16,112.876962
15.0,49,112.926547
12.0,18,112.94552
3.0,7,112.953547
12.0,15,112.969542
14.0,22,112.992546
14.0,19,113.013154
14.0,22,113.035726
3.0,5,113.041731
14.0,17,113.059733
7.0,11,113.070728
14.0,16,113.087737
14.0,23,113.111768
7.0,10,113.121893
14.0,18,113.140889
14.0,17,113.158893
14.0,27,113.186893
14.0,17,113.204941
14.0,16,113.222062
14.0,18,113.240067
14.0,19,113.259064
14.0,17,113.277065
12.0,14,113.292061
7.0,17,113.310096
14.0,18,113.329669
14.0,21,113.351668
14.0,20,113.37167
3.0,8,113.380672
8.0,15,113.396672
12.0,15,113.411708
12.0,16,113.428277
12.0,18,113.447279
12.0,25,113.472277
14.0,18,113.491275
14.0,21,113.514255
14.0,22,113.536859
14.0,21,113.559209
14.0,23,113.583211
14.0,18,113.602204
14.0,18,113.621366
14.0,20,114.78997
14.0,20,114.815977
12.0,15,114.838029
14.0,18,114.863667
14.0,19,114.885669
8.0,10,114.896672
14.0,19,114.917681
14.0,18,114.93919
14.0,20,114.960192
14.0,26,114.98919
3.0,5,114.99419
14.0,23,115.01977
14.0,17,115.0378
14.0,20,115.058806
14.0,16,115.074807
14.0,19,115.094803
14.0,22,115.120301
14.0,19,115.1423
14.0,19,115.1643
14.0,17,115.182331
14.0,17,115.199326
14.0,17,115.220372
12.0,18,115.239405
14.0,21,115.261399
14.0,19,115.282817
14.0,22,115.30679
14.0,17,115.325369
14.0,18,115.344397
14.0,18,115.364369
14.0,17,115.384366
14.0,17,115.404367
14.0,17,115.42388
14.0,17,115.44288
14.0,21,115.46688
8.0,10,115.47788
14.0,17,115.497882
14.0,22,115.522394
14.0,29,115.552394
14.0,18,115.572432
12.0,19,115.592427
14.0,19,115.613463
14.0,19,115.634037
14.0,19,115.655044
14.0,19,115.675037
14.0,18,115.694039
14.0,19,115.715073
12.0,16,115.732647
14.0,20,115.753645
7.0,11,115.765618
12.0,17,115.784648
14.0,21,115.807687
14.0,32,115.842257
14.0,18,115.861269
14.0,18,115.881261
14.0,20,115.903256
14.0,25,115.929866
14.0,21,115.95287
3.0,4,115.957869
14.0,19,115.977867
14.0,17,115.996869
3.0,4,116.00187
14.0,22,116.027483
14.0,22,116.050484
7.0,12,116.063482
14.0,22,116.087482
3.0,5,116.093482
7.0,11,116.107518
14.0,18,116.126069
12.0,17,116.145097
14.0,21,116.167094
14.0,18,116.187096
14.0,22,116.210135
14.0,19,116.230709
14.0,20,116.251713
14.0,18,116.270713
14.0,19,116.291499
14.0,23,116.316508
12.0,16,116.334027
12.0,17,116.353023
14.0,18,116.374054
14.0,18,116.394054
14.0,18,116.414028
14.0,17,116.432575
3.0,5,116.43857
14.0,20,116.46057
14.0,23,116.48555
12.0,17,116.504571
14.0,22,116.52909
7.0,11,116.542091
12.0,17,116.560121
14.0,15,116.577121
14.0,21,116.600117
14.0,19,116.620665
12.0,18,116.640707
12.0,16,116.658702
8.0,12,116.671702
14.0,20,116.693702
3.0,6,116.700702
14.0,25,116.727314
14.0,20,116.749314
14.0,16,116.767318
14.0,17,116.78531
14.0,19,116.80632
14.0,25,116.832924
14.0,20,116.853924
14.0,21,116.876925
14.0,23,116.901924
14.0,19,116.921535
7.0,13,116.937332
14.0,22,116.961339
12.0,16,116.978338
14.0,16,116.996305
3.0,6,117.003333
7.0,12,117.016339
14.0,22,117.040942
